{
    "items": [
        {
            "CODIGO": "003550",
            "LOJA": "01",
            "CHAVE": 15114,
            "EXCLUIDO": "N",
            "CLIENTEPAI": "      ",
            "QTDE COMPRAS": 1,
            "ENDERECO": "PROF LINEU PRESTES",
            "NUMERO": "2242",
            "BAIRRO": "BUTANTA",
            "MUNICIPIO": "SAO PAULO",
            "ESTADO": "SP",
            "CEP": "05508000",
            "BLOQUEADO": "N",
            "DDD": "   ",
            "TEL": "               ",
            "DDD2": "   ",
            "CRO": "               ",
            "TEL2": "               ",
            "FANTASIA": "3D CRIAR FABRICACAO",
            "DESTAQUE": "N"
        },
        {
            "CODIGO": "009051",
            "LOJA": "01",
            "CHAVE": 20356,
            "EXCLUIDO": "N",
            "CLIENTEPAI": "      ",
            "QTDE COMPRAS": 0,
            "ENDERECO": "AVENIDA LUIS PIRES DE MINAS,",
            "NUMERO": "64",
            "BAIRRO": "CIDADE CENTENARIO",
            "MUNICIPIO": "SAO PAULO",
            "ESTADO": "SP",
            "CEP": "03933070",
            "BLOQUEADO": "N",
            "DDD": "11 ",
            "TEL": "969072572      ",
            "DDD2": "   ",
            "CRO": "SP 148158      ",
            "TEL2": "               ",
            "FANTASIA": "ABDUL KARIM PEREIRA AWILLA",
            "DESTAQUE": "N"
        },
        {
            "CODIGO": "001262",
            "LOJA": "01",
            "CHAVE": 13100,
            "EXCLUIDO": "N",
            "CLIENTEPAI": "      ",
            "QTDE COMPRAS": 2,
            "ENDERECO": "SILVEIRA MARTINS",
            "NUMERO": "111110",
            "BAIRRO": "FLAMENGO",
            "MUNICIPIO": "NITEROI",
            "ESTADO": "RJ",
            "CEP": "22221000",
            "BLOQUEADO": "N",
            "DDD": "48 ",
            "TEL": "996771832      ",
            "DDD2": "48 ",
            "CRO": "               ",
            "TEL2": "               ",
            "FANTASIA": "ABIGAIL  FERREIRA  SODRE",
            "DESTAQUE": "N"
        },
        {
            "CODIGO": "003059",
            "LOJA": "01",
            "CHAVE": 14623,
            "EXCLUIDO": "N",
            "CLIENTEPAI": "      ",
            "QTDE COMPRAS": 7,
            "ENDERECO": "RUA TIRADENTES",
            "NUMERO": "255",
            "BAIRRO": "CENTRO",
            "MUNICIPIO": "CAPIVARI",
            "ESTADO": "SP",
            "CEP": "13360000",
            "BLOQUEADO": "N",
            "DDD": "19 ",
            "TEL": "991481676      ",
            "DDD2": "19 ",
            "CRO": "SP 38890       ",
            "TEL2": "               ",
            "FANTASIA": "ABIGAIL CAMPOS BICUDO",
            "DESTAQUE": "N"
        },
        {
            "CODIGO": "010494",
            "LOJA": "01",
            "CHAVE": 21732,
            "EXCLUIDO": "N",
            "CLIENTEPAI": "005071",
            "QTDE COMPRAS": 0,
            "ENDERECO": " ,",
            "NUMERO": "1",
            "BAIRRO": "EX",
            "MUNICIPIO": "ESTRANGEIRO",
            "ESTADO": "EX",
            "CEP": "99999999",
            "BLOQUEADO": "N",
            "DDD": "11 ",
            "TEL": "9              ",
            "DDD2": "   ",
            "CRO": "1218           ",
            "TEL2": "               ",
            "FANTASIA": "ABIGAIL CASTANEDA  (MX)",
            "DESTAQUE": "N"
        },
        {
            "CODIGO": "007564",
            "LOJA": "01",
            "CHAVE": 18901,
            "EXCLUIDO": "N",
            "CLIENTEPAI": "      ",
            "QTDE COMPRAS": 7,
            "ENDERECO": "MATO GROSSO",
            "NUMERO": "2064",
            "BAIRRO": "CENTRO",
            "MUNICIPIO": "CAMPO GRANDE",
            "ESTADO": "MS",
            "CEP": "79020201",
            "BLOQUEADO": "N",
            "DDD": "67 ",
            "TEL": "999850405      ",
            "DDD2": "67 ",
            "CRO": "MS 1551        ",
            "TEL2": "999883210      ",
            "FANTASIA": "ABILIO FERNANDES MARTINS",
            "DESTAQUE": "N"
        },
        {
            "CODIGO": "005145",
            "LOJA": "01",
            "CHAVE": 16699,
            "EXCLUIDO": "N",
            "CLIENTEPAI": "      ",
            "QTDE COMPRAS": 1,
            "ENDERECO": "MENDES DA ROCHA",
            "NUMERO": "229",
            "BAIRRO": "JARDIM BRASIL",
            "MUNICIPIO": "SAO PAULO",
            "ESTADO": "SP",
            "CEP": "02227000",
            "BLOQUEADO": "N",
            "DDD": "11 ",
            "TEL": "982173949      ",
            "DDD2": "11 ",
            "CRO": "SP 104771      ",
            "TEL2": "               ",
            "FANTASIA": "ABNER ANTONIO BRANCATI PEREZ",
            "DESTAQUE": "N"
        },
        {
            "CODIGO": "010107",
            "LOJA": "01",
            "CHAVE": 21348,
            "EXCLUIDO": "N",
            "CLIENTEPAI": "      ",
            "QTDE COMPRAS": 0,
            "ENDERECO": "RUA DA CONCEIC�O,",
            "NUMERO": "244",
            "BAIRRO": "CENTRO",
            "MUNICIPIO": "ANGRA DOS REIS",
            "ESTADO": "RJ",
            "CEP": "23900437",
            "BLOQUEADO": "N",
            "DDD": "24 ",
            "TEL": "999583253      ",
            "DDD2": "24 ",
            "CRO": "CRORJ 38597    ",
            "TEL2": "999011178      ",
            "FANTASIA": "ACACIA CARNEIRO DE  OLIVEIRA",
            "DESTAQUE": "N"
        },
        {
            "CODIGO": "007083",
            "LOJA": "01",
            "CHAVE": 18483,
            "EXCLUIDO": "N",
            "CLIENTEPAI": "      ",
            "QTDE COMPRAS": 0,
            "ENDERECO": "RUA MOSSORO",
            "NUMERO": "507",
            "BAIRRO": "Tirol",
            "MUNICIPIO": "NATAL",
            "ESTADO": "RN",
            "CEP": "        ",
            "BLOQUEADO": "N",
            "DDD": "84 ",
            "TEL": "988201119      ",
            "DDD2": "84 ",
            "CRO": "RN 9111        ",
            "TEL2": "               ",
            "FANTASIA": "ACHYLA MIRIAM LOPES DA SILVA",
            "DESTAQUE": "N"
        },
        {
            "CODIGO": "001806",
            "LOJA": "01",
            "CHAVE": 13630,
            "EXCLUIDO": "N",
            "CLIENTEPAI": "      ",
            "QTDE COMPRAS": 1,
            "ENDERECO": "GETULIO VARGAS",
            "NUMERO": "201",
            "BAIRRO": "CENTRO",
            "MUNICIPIO": "JUIZ DE FORA",
            "ESTADO": "MG",
            "CEP": "36013010",
            "BLOQUEADO": "N",
            "DDD": "32 ",
            "TEL": "988757035      ",
            "DDD2": "32 ",
            "CRO": "MG 31809       ",
            "TEL2": "               ",
            "FANTASIA": "ACIR AZEVEDO CORTES",
            "DESTAQUE": "N"
        },
        {
            "CODIGO": "006328",
            "LOJA": "01",
            "CHAVE": 17850,
            "EXCLUIDO": "N",
            "CLIENTEPAI": "      ",
            "QTDE COMPRAS": 0,
            "ENDERECO": "RUA JOSE ROCHA",
            "NUMERO": "77",
            "BAIRRO": "CENTRO",
            "MUNICIPIO": "BARREIRAS",
            "ESTADO": "BA",
            "CEP": "47800184",
            "BLOQUEADO": "N",
            "DDD": "77 ",
            "TEL": "988033313      ",
            "DDD2": "77 ",
            "CRO": "BA 4671        ",
            "TEL2": "               ",
            "FANTASIA": "ADA QUEIROZ ROCHA LIMA",
            "DESTAQUE": "N"
        },
        {
            "CODIGO": "001057",
            "LOJA": "01",
            "CHAVE": 12915,
            "EXCLUIDO": "N",
            "CLIENTEPAI": "      ",
            "QTDE COMPRAS": 6,
            "ENDERECO": "FAGUNDES FILHO",
            "NUMERO": "623",
            "BAIRRO": "VILA MONTE ALEGRE",
            "MUNICIPIO": "SAO PAULO",
            "ESTADO": "SP",
            "CEP": "04304010",
            "BLOQUEADO": "N",
            "DDD": "   ",
            "TEL": "1198792462     ",
            "DDD2": "   ",
            "CRO": "               ",
            "TEL2": "               ",
            "FANTASIA": "ADAILTON BARROS",
            "DESTAQUE": "N"
        },
        {
            "CODIGO": "007822",
            "LOJA": "01",
            "CHAVE": 19153,
            "EXCLUIDO": "N",
            "CLIENTEPAI": "      ",
            "QTDE COMPRAS": 1,
            "ENDERECO": "CANTOR EDUARDO",
            "NUMERO": "256",
            "BAIRRO": "VILA HERMINIA",
            "MUNICIPIO": "SAO PAULO",
            "ESTADO": "SP",
            "CEP": "02979180",
            "BLOQUEADO": "N",
            "DDD": "11 ",
            "TEL": "39716169       ",
            "DDD2": "11 ",
            "CRO": "SP 53540       ",
            "TEL2": "               ",
            "FANTASIA": "ADAILTON DA SILVA",
            "DESTAQUE": "N"
        },
        {
            "CODIGO": "010497",
            "LOJA": "01",
            "CHAVE": 21735,
            "EXCLUIDO": "N",
            "CLIENTEPAI": "005071",
            "QTDE COMPRAS": 0,
            "ENDERECO": ".",
            "NUMERO": "1",
            "BAIRRO": "EX",
            "MUNICIPIO": "ESTRANGEIRO",
            "ESTADO": "EX",
            "CEP": "9999999 ",
            "BLOQUEADO": "N",
            "DDD": "1  ",
            "TEL": "9              ",
            "DDD2": "   ",
            "CRO": "9897           ",
            "TEL2": "               ",
            "FANTASIA": "ADAIR NATANAEL ALVAREZ CASTANEDA (MX)",
            "DESTAQUE": "N"
        },
        {
            "CODIGO": "002303",
            "LOJA": "01",
            "CHAVE": 14124,
            "EXCLUIDO": "N",
            "CLIENTEPAI": "      ",
            "QTDE COMPRAS": 49,
            "ENDERECO": "DR CAMARGO",
            "NUMERO": "4501",
            "BAIRRO": "ZONA II",
            "MUNICIPIO": "UMUARAMA",
            "ESTADO": "PR",
            "CEP": "87501378",
            "BLOQUEADO": "N",
            "DDD": "44 ",
            "TEL": "984330664      ",
            "DDD2": "44 ",
            "CRO": "PR 22445       ",
            "TEL2": "991151260      ",
            "FANTASIA": "ADALBERTO ALFERES",
            "DESTAQUE": "S"
        },
        {
            "CODIGO": "008617",
            "LOJA": "01",
            "CHAVE": 19922,
            "EXCLUIDO": "N",
            "CLIENTEPAI": "      ",
            "QTDE COMPRAS": 0,
            "ENDERECO": "AVENIDA FLORIANO PEIXOTO",
            "NUMERO": "386",
            "BAIRRO": "CENTRO",
            "MUNICIPIO": "UBERLANDIA",
            "ESTADO": "MG",
            "CEP": "38400100",
            "BLOQUEADO": "N",
            "DDD": "34 ",
            "TEL": "991179515      ",
            "DDD2": "   ",
            "CRO": "CROMG 33143    ",
            "TEL2": "               ",
            "FANTASIA": "ADALBERTO CALDEIRA BRANT FILHO",
            "DESTAQUE": "N"
        },
        {
            "CODIGO": "008618",
            "LOJA": "01",
            "CHAVE": 19923,
            "EXCLUIDO": "N",
            "CLIENTEPAI": "      ",
            "QTDE COMPRAS": 0,
            "ENDERECO": "RUA DOMINGOS GROSS",
            "NUMERO": "84",
            "BAIRRO": "VENDA NOVA",
            "MUNICIPIO": "BELO HORIZONTE",
            "ESTADO": "MG",
            "CEP": "31610100",
            "BLOQUEADO": "N",
            "DDD": "31 ",
            "TEL": "987270355      ",
            "DDD2": "   ",
            "CRO": " 14024         ",
            "TEL2": "               ",
            "FANTASIA": "ADALID FERNANDO MEDINA",
            "DESTAQUE": "N"
        },
        {
            "CODIGO": "002812",
            "LOJA": "01",
            "CHAVE": 14377,
            "EXCLUIDO": "N",
            "CLIENTEPAI": "      ",
            "QTDE COMPRAS": 123,
            "ENDERECO": "IPANEMA",
            "NUMERO": "85",
            "BAIRRO": "VELEIROS",
            "MUNICIPIO": "SAO PAULO",
            "ESTADO": "SP",
            "CEP": "04773010",
            "BLOQUEADO": "N",
            "DDD": "11 ",
            "TEL": "991543905      ",
            "DDD2": "11 ",
            "CRO": "SP 94360       ",
            "TEL2": "               ",
            "FANTASIA": "ADAM DE MELLO SILVA",
            "DESTAQUE": "S"
        },
        {
            "CODIGO": "009202",
            "LOJA": "01",
            "CHAVE": 20497,
            "EXCLUIDO": "N",
            "CLIENTEPAI": "      ",
            "QTDE COMPRAS": 0,
            "ENDERECO": "Avenida PRESIDENTE AFONSO PENA,",
            "NUMERO": "449",
            "BAIRRO": "BESSA",
            "MUNICIPIO": "JOAO PESSOA",
            "ESTADO": "PB",
            "CEP": "58035030",
            "BLOQUEADO": "N",
            "DDD": "83 ",
            "TEL": "996077825      ",
            "DDD2": "   ",
            "CRO": "PB 5673        ",
            "TEL2": "               ",
            "FANTASIA": "ADARLIENE RODRIGUES AGUILAR DE MATOS",
            "DESTAQUE": "N"
        },
        {
            "CODIGO": "009671",
            "LOJA": "01",
            "CHAVE": 20941,
            "EXCLUIDO": "N",
            "CLIENTEPAI": "      ",
            "QTDE COMPRAS": 0,
            "ENDERECO": "JOAO JOSE TAVEIRA",
            "NUMERO": "",
            "BAIRRO": "CENTRO",
            "MUNICIPIO": "CRISTALINA",
            "ESTADO": "GO",
            "CEP": "73850000",
            "BLOQUEADO": "N",
            "DDD": "61 ",
            "TEL": "998821807      ",
            "DDD2": "   ",
            "CRO": "GO 15895       ",
            "TEL2": "               ",
            "FANTASIA": "ADELAR ANTONIO LAZZARI NETO",
            "DESTAQUE": "N"
        },
        {
            "CODIGO": "006961",
            "LOJA": "01",
            "CHAVE": 18377,
            "EXCLUIDO": "N",
            "CLIENTEPAI": "      ",
            "QTDE COMPRAS": 0,
            "ENDERECO": "CECILIA CALOVINI",
            "NUMERO": "441",
            "BAIRRO": "VILA ZAT",
            "MUNICIPIO": "SAO PAULO",
            "ESTADO": "SP",
            "CEP": "02976000",
            "BLOQUEADO": "N",
            "DDD": "35 ",
            "TEL": "991595557      ",
            "DDD2": "35 ",
            "CRO": "SP 50602       ",
            "TEL2": "               ",
            "FANTASIA": "ADELINA DE FATIMA XAVIER",
            "DESTAQUE": "N"
        },
        {
            "CODIGO": "011719",
            "LOJA": "01",
            "CHAVE": 22958,
            "EXCLUIDO": "N",
            "CLIENTEPAI": "      ",
            "QTDE COMPRAS": 0,
            "ENDERECO": "AVENIDA SOUSA BANDEIRA,",
            "NUMERO": "258",
            "BAIRRO": "VILA NHOCUNE",
            "MUNICIPIO": "SAO PAULO",
            "ESTADO": "SP",
            "CEP": "03559000",
            "BLOQUEADO": "N",
            "DDD": "11 ",
            "TEL": "97336-5939     ",
            "DDD2": "   ",
            "CRO": "SP 22183       ",
            "TEL2": "               ",
            "FANTASIA": "ADELINA MARIA MARTINS OLIVO",
            "DESTAQUE": "N"
        },
        {
            "CODIGO": "007334",
            "LOJA": "01",
            "CHAVE": 18689,
            "EXCLUIDO": "N",
            "CLIENTEPAI": "      ",
            "QTDE COMPRAS": 5,
            "ENDERECO": "INDIANA",
            "NUMERO": "717",
            "BAIRRO": "BROOKLIN PAULISTA",
            "MUNICIPIO": "SAO PAULO",
            "ESTADO": "SP",
            "CEP": "04562001",
            "BLOQUEADO": "N",
            "DDD": "11 ",
            "TEL": "992327283      ",
            "DDD2": "11 ",
            "CRO": "SP 10374       ",
            "TEL2": "55433568       ",
            "FANTASIA": "ADEMIR PIVARO",
            "DESTAQUE": "N"
        },
        {
            "CODIGO": "008582",
            "LOJA": "01",
            "CHAVE": 19889,
            "EXCLUIDO": "N",
            "CLIENTEPAI": "      ",
            "QTDE COMPRAS": 0,
            "ENDERECO": "AVENIDA MARIANA UBALDINA DO ESPIRITO SANTO",
            "NUMERO": "623",
            "BAIRRO": "MACEDO",
            "MUNICIPIO": "GUARULHOS",
            "ESTADO": "SP",
            "CEP": "07197070",
            "BLOQUEADO": "N",
            "DDD": "11 ",
            "TEL": "934495547      ",
            "DDD2": "11 ",
            "CRO": "SP 78128       ",
            "TEL2": "986399304      ",
            "FANTASIA": "ADIERIA MOREIRA CARDOSO",
            "DESTAQUE": "N"
        },
        {
            "CODIGO": "003975",
            "LOJA": "01",
            "CHAVE": 15537,
            "EXCLUIDO": "N",
            "CLIENTEPAI": "      ",
            "QTDE COMPRAS": 7,
            "ENDERECO": "MARIANA UBALDINA DO ESPIRITO SANTO",
            "NUMERO": "0",
            "BAIRRO": "MACEDO",
            "MUNICIPIO": "GUARULHOS",
            "ESTADO": "SP",
            "CEP": "07197000",
            "BLOQUEADO": "N",
            "DDD": "11 ",
            "TEL": "986399304      ",
            "DDD2": "11 ",
            "CRO": "SP 78128       ",
            "TEL2": "               ",
            "FANTASIA": "ADIERIA MOREIRA CARDOSO",
            "DESTAQUE": "N"
        },
        {
            "CODIGO": "008500",
            "LOJA": "01",
            "CHAVE": 19830,
            "EXCLUIDO": "N",
            "CLIENTEPAI": "      ",
            "QTDE COMPRAS": 0,
            "ENDERECO": "BRUNO VELOSO",
            "NUMERO": "603",
            "BAIRRO": "BOA VIAGEM",
            "MUNICIPIO": "RECIFE",
            "ESTADO": "PE",
            "CEP": "51021280",
            "BLOQUEADO": "N",
            "DDD": "81 ",
            "TEL": "999200154      ",
            "DDD2": "81 ",
            "CRO": "CROPE 9947     ",
            "TEL2": "996359380      ",
            "FANTASIA": "ADILA ARAUJO DA SILVEIRA",
            "DESTAQUE": "N"
        },
        {
            "CODIGO": "007271",
            "LOJA": "01",
            "CHAVE": 18636,
            "EXCLUIDO": "N",
            "CLIENTEPAI": "      ",
            "QTDE COMPRAS": 0,
            "ENDERECO": "LARANJEIRAS",
            "NUMERO": "859",
            "BAIRRO": "VILA QUEIROZ",
            "MUNICIPIO": "LIMEIRA",
            "ESTADO": "SP",
            "CEP": "13485020",
            "BLOQUEADO": "N",
            "DDD": "19 ",
            "TEL": "996725131      ",
            "DDD2": "19 ",
            "CRO": "SP 50379       ",
            "TEL2": "               ",
            "FANTASIA": "ADILSON CELSO PEREIRA DA SILVA",
            "DESTAQUE": "N"
        },
        {
            "CODIGO": "005409",
            "LOJA": "01",
            "CHAVE": 16962,
            "EXCLUIDO": "N",
            "CLIENTEPAI": "      ",
            "QTDE COMPRAS": 0,
            "ENDERECO": "OTACILIO VIEIRA DA COSTA",
            "NUMERO": "27",
            "BAIRRO": "CENTRO",
            "MUNICIPIO": "LAGES",
            "ESTADO": "SC",
            "CEP": "88501050",
            "BLOQUEADO": "N",
            "DDD": "49 ",
            "TEL": "32223220       ",
            "DDD2": "49 ",
            "CRO": "SC 4369        ",
            "TEL2": "               ",
            "FANTASIA": "ADILSON DAMASCENO FIGUEIREDO",
            "DESTAQUE": "N"
        },
        {
            "CODIGO": "010087",
            "LOJA": "01",
            "CHAVE": 21331,
            "EXCLUIDO": "N",
            "CLIENTEPAI": "      ",
            "QTDE COMPRAS": 0,
            "ENDERECO": "Avenida RIO GRANDE,",
            "NUMERO": "1583",
            "BAIRRO": "RIO GRANDE",
            "MUNICIPIO": "PALHOCA",
            "ESTADO": "SC",
            "CEP": "88131601",
            "BLOQUEADO": "N",
            "DDD": "47 ",
            "TEL": "999718203      ",
            "DDD2": "48 ",
            "CRO": "CROSC 2402     ",
            "TEL2": "33800899       ",
            "FANTASIA": "ADILSON LANDA CORREA JOSE",
            "DESTAQUE": "N"
        },
        {
            "CODIGO": "000843",
            "LOJA": "01",
            "CHAVE": 12702,
            "EXCLUIDO": "N",
            "CLIENTEPAI": "      ",
            "QTDE COMPRAS": 6,
            "ENDERECO": "JEQUIRITUBA",
            "NUMERO": "986",
            "BAIRRO": "JARDIM MALIA II",
            "MUNICIPIO": "SAO PAULO",
            "ESTADO": "SP",
            "CEP": "04822000",
            "BLOQUEADO": "N",
            "DDD": "11 ",
            "TEL": "59277710       ",
            "DDD2": "11 ",
            "CRO": "SP 113722      ",
            "TEL2": "988443435      ",
            "FANTASIA": "ADOLFO QUEIROZ DE PASQUAL",
            "DESTAQUE": "N"
        },
        {
            "CODIGO": "010500",
            "LOJA": "01",
            "CHAVE": 21738,
            "EXCLUIDO": "N",
            "CLIENTEPAI": "005071",
            "QTDE COMPRAS": 0,
            "ENDERECO": "",
            "NUMERO": "",
            "BAIRRO": "",
            "MUNICIPIO": "ESTRANGEIRO",
            "ESTADO": "EX",
            "CEP": "9999999 ",
            "BLOQUEADO": "N",
            "DDD": "   ",
            "TEL": "               ",
            "DDD2": "   ",
            "CRO": "               ",
            "TEL2": "               ",
            "FANTASIA": "ADOLPH RUMENIGGE (MX)",
            "DESTAQUE": "N"
        },
        {
            "CODIGO": "009701",
            "LOJA": "01",
            "CHAVE": 20969,
            "EXCLUIDO": "N",
            "CLIENTEPAI": "      ",
            "QTDE COMPRAS": 0,
            "ENDERECO": "AVENIDA DOUTOR FRANCISCO JUNQUEIRA,",
            "NUMERO": "",
            "BAIRRO": "VILA SEIXAS",
            "MUNICIPIO": "RIBEIRAO PRETO",
            "ESTADO": "SP",
            "CEP": "14020000",
            "BLOQUEADO": "N",
            "DDD": "11 ",
            "TEL": "948060262      ",
            "DDD2": "   ",
            "CRO": "SP 139713      ",
            "TEL2": "               ",
            "FANTASIA": "ADONIAS PEREIRA DA SILVA JUNIOR",
            "DESTAQUE": "N"
        },
        {
            "CODIGO": "004834",
            "LOJA": "01",
            "CHAVE": 16390,
            "EXCLUIDO": "N",
            "CLIENTEPAI": "003846",
            "QTDE COMPRAS": 0,
            "ENDERECO": "PRACETA DA RUA DA REPUBLICA 1",
            "NUMERO": "",
            "BAIRRO": "CACIA",
            "MUNICIPIO": "ESTRANGEIRO",
            "ESTADO": "EX",
            "CEP": "9999999 ",
            "BLOQUEADO": "N",
            "DDD": "   ",
            "TEL": "968549691      ",
            "DDD2": "   ",
            "CRO": "5258           ",
            "TEL2": "               ",
            "FANTASIA": "ADRIA CARINI COTTA BASTOS (PT)",
            "DESTAQUE": "N"
        },
        {
            "CODIGO": "006691",
            "LOJA": "01",
            "CHAVE": 18119,
            "EXCLUIDO": "N",
            "CLIENTEPAI": "005071",
            "QTDE COMPRAS": 0,
            "ENDERECO": "XXXXXXXXXXXXXXXXXXXXX",
            "NUMERO": "",
            "BAIRRO": "XXXXX",
            "MUNICIPIO": "ESTRANGEIRO",
            "ESTADO": "EX",
            "CEP": "9999999 ",
            "BLOQUEADO": "S",
            "DDD": "999",
            "TEL": "99999999       ",
            "DDD2": "   ",
            "CRO": "ROSA561026462  ",
            "TEL2": "               ",
            "FANTASIA": "ADRIAN RODRIGUEZ SANCHEZ (MX)",
            "DESTAQUE": "N"
        },
        {
            "CODIGO": "003814",
            "LOJA": "01",
            "CHAVE": 15377,
            "EXCLUIDO": "N",
            "CLIENTEPAI": "      ",
            "QTDE COMPRAS": 4,
            "ENDERECO": "RUA ANDRE DE ALMEIDA,",
            "NUMERO": "708",
            "BAIRRO": "CIDADE SAO MATEUS",
            "MUNICIPIO": "SAO PAULO",
            "ESTADO": "SP",
            "CEP": "03950000",
            "BLOQUEADO": "N",
            "DDD": "11 ",
            "TEL": "952888425      ",
            "DDD2": "11 ",
            "CRO": "SP 59660       ",
            "TEL2": "               ",
            "FANTASIA": "ADRIANA ALVES",
            "DESTAQUE": "N"
        },
        {
            "CODIGO": "003451",
            "LOJA": "01",
            "CHAVE": 15015,
            "EXCLUIDO": "N",
            "CLIENTEPAI": "      ",
            "QTDE COMPRAS": 12,
            "ENDERECO": "AMADOR BUENO DA VEIGA",
            "NUMERO": "1230",
            "BAIRRO": "PENHA DE FRANCA",
            "MUNICIPIO": "SAO PAULO",
            "ESTADO": "SP",
            "CEP": "03636100",
            "BLOQUEADO": "N",
            "DDD": "11 ",
            "TEL": "930565353      ",
            "DDD2": "11 ",
            "CRO": "SP 66265       ",
            "TEL2": "               ",
            "FANTASIA": "ADRIANA ALVES DA COSTA PADILHA PASCOTTO",
            "DESTAQUE": "S"
        },
        {
            "CODIGO": "007774",
            "LOJA": "01",
            "CHAVE": 19106,
            "EXCLUIDO": "N",
            "CLIENTEPAI": "      ",
            "QTDE COMPRAS": 1,
            "ENDERECO": "RUA BENJAMIN CONSTANTI",
            "NUMERO": "361",
            "BAIRRO": "CENTRO",
            "MUNICIPIO": "IBIUNA",
            "ESTADO": "SP",
            "CEP": "18150000",
            "BLOQUEADO": "N",
            "DDD": "11 ",
            "TEL": "996202692      ",
            "DDD2": "11 ",
            "CRO": "107119         ",
            "TEL2": "               ",
            "FANTASIA": "ADRIANA APARECIDA TEIXEIRA PEREIRA DOMIN",
            "DESTAQUE": "N"
        },
        {
            "CODIGO": "007823",
            "LOJA": "01",
            "CHAVE": 19154,
            "EXCLUIDO": "N",
            "CLIENTEPAI": "      ",
            "QTDE COMPRAS": 0,
            "ENDERECO": "RUA BENJAMIN CONSTANTI",
            "NUMERO": "361",
            "BAIRRO": "CENTRO",
            "MUNICIPIO": "IBIUNA",
            "ESTADO": "SP",
            "CEP": "18150000",
            "BLOQUEADO": "N",
            "DDD": "11 ",
            "TEL": "996202692      ",
            "DDD2": "11 ",
            "CRO": "#N/D           ",
            "TEL2": "               ",
            "FANTASIA": "ADRIANA APARECIDA TEIXEIRA PEREIRA DOMIN",
            "DESTAQUE": "N"
        },
        {
            "CODIGO": "000899",
            "LOJA": "01",
            "CHAVE": 12757,
            "EXCLUIDO": "N",
            "CLIENTEPAI": "      ",
            "QTDE COMPRAS": 14,
            "ENDERECO": "RAMIRO BARCELOS",
            "NUMERO": "1014",
            "BAIRRO": "FLORESTA",
            "MUNICIPIO": "PORTO ALEGRE",
            "ESTADO": "RS",
            "CEP": "90035005",
            "BLOQUEADO": "N",
            "DDD": "51 ",
            "TEL": "995001102      ",
            "DDD2": "51 ",
            "CRO": "RS 11330       ",
            "TEL2": "               ",
            "FANTASIA": "ADRIANA BACKES",
            "DESTAQUE": "S"
        },
        {
            "CODIGO": "000001",
            "LOJA": "01",
            "CHAVE": 11861,
            "EXCLUIDO": "N",
            "CLIENTEPAI": "      ",
            "QTDE COMPRAS": 136,
            "ENDERECO": "LOEFGREEN",
            "NUMERO": "666",
            "BAIRRO": "VILA CLEMENTINO",
            "MUNICIPIO": "SAO PAULO",
            "ESTADO": "SP",
            "CEP": "04040000",
            "BLOQUEADO": "N",
            "DDD": "11 ",
            "TEL": "55721223       ",
            "DDD2": "11 ",
            "CRO": "SP             ",
            "TEL2": "983755120      ",
            "FANTASIA": "ADRIANA BASTOS LEAL GIANOTTI",
            "DESTAQUE": "S"
        },
        {
            "CODIGO": "007824",
            "LOJA": "01",
            "CHAVE": 19155,
            "EXCLUIDO": "N",
            "CLIENTEPAI": "      ",
            "QTDE COMPRAS": 0,
            "ENDERECO": "RUA DAS PALMEIRAS",
            "NUMERO": "0",
            "BAIRRO": "CENTRO",
            "MUNICIPIO": "PACO DO LUMIAR",
            "ESTADO": "MA",
            "CEP": "65130000",
            "BLOQUEADO": "N",
            "DDD": "98 ",
            "TEL": "999759271      ",
            "DDD2": "98 ",
            "CRO": "SP 4983        ",
            "TEL2": "               ",
            "FANTASIA": "ADRIANA BERNARDES SILVA",
            "DESTAQUE": "N"
        },
        {
            "CODIGO": "007037",
            "LOJA": "01",
            "CHAVE": 18447,
            "EXCLUIDO": "N",
            "CLIENTEPAI": "      ",
            "QTDE COMPRAS": 0,
            "ENDERECO": "SANTOS",
            "NUMERO": "211",
            "BAIRRO": "CERQUEIRA CESAR",
            "MUNICIPIO": "SAO PAULO",
            "ESTADO": "SP",
            "CEP": "01419000",
            "BLOQUEADO": "N",
            "DDD": "11 ",
            "TEL": "999101919      ",
            "DDD2": "11 ",
            "CRO": "SP 55430       ",
            "TEL2": "               ",
            "FANTASIA": "ADRIANA BESAGIO RUIZ HOMAM",
            "DESTAQUE": "N"
        },
        {
            "CODIGO": "001271",
            "LOJA": "01",
            "CHAVE": 13109,
            "EXCLUIDO": "N",
            "CLIENTEPAI": "      ",
            "QTDE COMPRAS": 4,
            "ENDERECO": "EGILIO VITORELLO",
            "NUMERO": "2211",
            "BAIRRO": "JARDIM MARIA BEATRIZ",
            "MUNICIPIO": "SAO PAULO",
            "ESTADO": "SP",
            "CEP": "06365210",
            "BLOQUEADO": "N",
            "DDD": "11 ",
            "TEL": "36841795       ",
            "DDD2": "11 ",
            "CRO": "               ",
            "TEL2": "               ",
            "FANTASIA": "ADRIANA BIMBATTI FELICIO NERY",
            "DESTAQUE": "N"
        },
        {
            "CODIGO": "000002",
            "LOJA": "01",
            "CHAVE": 11862,
            "EXCLUIDO": "N",
            "CLIENTEPAI": "      ",
            "QTDE COMPRAS": 0,
            "ENDERECO": "AGOSTINHO NUNES DE MAGALHAES",
            "NUMERO": "169B",
            "BAIRRO": "CENTRO",
            "MUNICIPIO": "SERRA TALHADA",
            "ESTADO": "PE",
            "CEP": "56903510",
            "BLOQUEADO": "N",
            "DDD": "81 ",
            "TEL": "98948225       ",
            "DDD2": "81 ",
            "CRO": "PE8130         ",
            "TEL2": "92071379       ",
            "FANTASIA": "ADRIANA BRAZ DE LUCENA",
            "DESTAQUE": "N"
        },
        {
            "CODIGO": "007761",
            "LOJA": "01",
            "CHAVE": 19093,
            "EXCLUIDO": "N",
            "CLIENTEPAI": "      ",
            "QTDE COMPRAS": 0,
            "ENDERECO": "PRES KENNEDY",
            "NUMERO": "8632",
            "BAIRRO": "CIDADE OCIAN",
            "MUNICIPIO": "PRAIA GRANDE",
            "ESTADO": "SP",
            "CEP": "11705000",
            "BLOQUEADO": "N",
            "DDD": "13 ",
            "TEL": "997271817      ",
            "DDD2": "13 ",
            "CRO": "SP 121060      ",
            "TEL2": "               ",
            "FANTASIA": "ADRIANA CAMPOS DE MACEDO",
            "DESTAQUE": "N"
        },
        {
            "CODIGO": "009995",
            "LOJA": "01",
            "CHAVE": 21243,
            "EXCLUIDO": "N",
            "CLIENTEPAI": "      ",
            "QTDE COMPRAS": 0,
            "ENDERECO": "AVENIDA PEDRO ALVARES CABRAL,",
            "NUMERO": "790",
            "BAIRRO": "JARDIM PAULISTA",
            "MUNICIPIO": "SAO JOSE DOS CAMPOS",
            "ESTADO": "SP",
            "CEP": "12216000",
            "BLOQUEADO": "N",
            "DDD": "12 ",
            "TEL": "997984979      ",
            "DDD2": "12 ",
            "CRO": "CROSP 80494    ",
            "TEL2": "39112910       ",
            "FANTASIA": "ADRIANA CARLA MORAES",
            "DESTAQUE": "N"
        },
        {
            "CODIGO": "005614",
            "LOJA": "01",
            "CHAVE": 17166,
            "EXCLUIDO": "N",
            "CLIENTEPAI": "      ",
            "QTDE COMPRAS": 0,
            "ENDERECO": "TURBINA",
            "NUMERO": "490",
            "BAIRRO": "PARQUE RESIDENCIAL DO CAMARU",
            "MUNICIPIO": "UBERLANDIA",
            "ESTADO": "MG",
            "CEP": "38410566",
            "BLOQUEADO": "N",
            "DDD": "34 ",
            "TEL": "991660836      ",
            "DDD2": "34 ",
            "CRO": "MG 33929       ",
            "TEL2": "               ",
            "FANTASIA": "ADRIANA CORREA DE LIMA",
            "DESTAQUE": "N"
        },
        {
            "CODIGO": "006765",
            "LOJA": "01",
            "CHAVE": 18193,
            "EXCLUIDO": "N",
            "CLIENTEPAI": "      ",
            "QTDE COMPRAS": 3,
            "ENDERECO": "BELFORT ROXO",
            "NUMERO": "334",
            "BAIRRO": "COPACABANA",
            "MUNICIPIO": "RIO DE JANEIRO",
            "ESTADO": "RJ",
            "CEP": "22020010",
            "BLOQUEADO": "N",
            "DDD": "21 ",
            "TEL": "986588628      ",
            "DDD2": "21 ",
            "CRO": "RJ 21029       ",
            "TEL2": "               ",
            "FANTASIA": "ADRIANA COSTA PINHEIRO",
            "DESTAQUE": "N"
        },
        {
            "CODIGO": "003223",
            "LOJA": "01",
            "CHAVE": 14787,
            "EXCLUIDO": "N",
            "CLIENTEPAI": "      ",
            "QTDE COMPRAS": 5,
            "ENDERECO": "RUA 1136",
            "NUMERO": "246",
            "BAIRRO": "SETOR MARISTA",
            "MUNICIPIO": "GOIANIA",
            "ESTADO": "GO",
            "CEP": "74180150",
            "BLOQUEADO": "N",
            "DDD": "62 ",
            "TEL": "92529607       ",
            "DDD2": "62 ",
            "CRO": "GO 3394        ",
            "TEL2": "               ",
            "FANTASIA": "ADRIANA CRISTINA ALVES",
            "DESTAQUE": "N"
        },
        {
            "CODIGO": "007445",
            "LOJA": "01",
            "CHAVE": 18782,
            "EXCLUIDO": "N",
            "CLIENTEPAI": "      ",
            "QTDE COMPRAS": 0,
            "ENDERECO": "ITALO ADAMI",
            "NUMERO": "0",
            "BAIRRO": "VILA URSULINA",
            "MUNICIPIO": "ITAQUAQUECETUBA",
            "ESTADO": "SP",
            "CEP": "08574020",
            "BLOQUEADO": "N",
            "DDD": "11 ",
            "TEL": "983912052      ",
            "DDD2": "11 ",
            "CRO": "SP 63169       ",
            "TEL2": "47321090       ",
            "FANTASIA": "ADRIANA CRISTINA DINIZ DE MATO",
            "DESTAQUE": "N"
        },
        {
            "CODIGO": "001673",
            "LOJA": "01",
            "CHAVE": 13498,
            "EXCLUIDO": "N",
            "CLIENTEPAI": "      ",
            "QTDE COMPRAS": 2,
            "ENDERECO": "AVENIDA PRESIDENTE VARGAS",
            "NUMERO": "499",
            "BAIRRO": "CENTRO",
            "MUNICIPIO": "CORDEIROPOLIS",
            "ESTADO": "SP",
            "CEP": "13490000",
            "BLOQUEADO": "N",
            "DDD": "19 ",
            "TEL": "35463745       ",
            "DDD2": "19 ",
            "CRO": "SP 54706       ",
            "TEL2": "               ",
            "FANTASIA": "ADRIANA DARIO BERTASSO",
            "DESTAQUE": "N"
        },
        {
            "CODIGO": "008851",
            "LOJA": "01",
            "CHAVE": 20159,
            "EXCLUIDO": "N",
            "CLIENTEPAI": "      ",
            "QTDE COMPRAS": 0,
            "ENDERECO": "TRAVESSA BARAO DO TRIUNFO",
            "NUMERO": "3540",
            "BAIRRO": "MARCO",
            "MUNICIPIO": "BELEM",
            "ESTADO": "PA",
            "CEP": "66095055",
            "BLOQUEADO": "N",
            "DDD": "91 ",
            "TEL": "991170884      ",
            "DDD2": "   ",
            "CRO": "TO 4395        ",
            "TEL2": "               ",
            "FANTASIA": "ADRIANA DE ALMEIDA PINTO ALEIXO",
            "DESTAQUE": "N"
        },
        {
            "CODIGO": "007825",
            "LOJA": "01",
            "CHAVE": 19156,
            "EXCLUIDO": "N",
            "CLIENTEPAI": "      ",
            "QTDE COMPRAS": 0,
            "ENDERECO": "PDE ESTEVAO PERNET",
            "NUMERO": "160",
            "BAIRRO": "VILA GOMES CARDIM",
            "MUNICIPIO": "SAO PAULO",
            "ESTADO": "SP",
            "CEP": "03315000",
            "BLOQUEADO": "N",
            "DDD": "11 ",
            "TEL": "999519877      ",
            "DDD2": "11 ",
            "CRO": "SP 134743      ",
            "TEL2": "               ",
            "FANTASIA": "ADRIANA DE OLIVEIRA NASCIMENTO",
            "DESTAQUE": "N"
        },
        {
            "CODIGO": "006696",
            "LOJA": "01",
            "CHAVE": 18124,
            "EXCLUIDO": "N",
            "CLIENTEPAI": "      ",
            "QTDE COMPRAS": 0,
            "ENDERECO": "DO ESTILO BARROCO",
            "NUMERO": "507",
            "BAIRRO": "SANTO AMARO",
            "MUNICIPIO": "SAO PAULO",
            "ESTADO": "SP",
            "CEP": "04709011",
            "BLOQUEADO": "N",
            "DDD": "   ",
            "TEL": "               ",
            "DDD2": "   ",
            "CRO": "               ",
            "TEL2": "               ",
            "FANTASIA": "ADRIANA DE OLIVEIRA ROCHA",
            "DESTAQUE": "N"
        },
        {
            "CODIGO": "000870",
            "LOJA": "01",
            "CHAVE": 12729,
            "EXCLUIDO": "N",
            "CLIENTEPAI": "      ",
            "QTDE COMPRAS": 22,
            "ENDERECO": "SMDB CONJUNTO",
            "NUMERO": "209",
            "BAIRRO": "SETOR DE HABITACOES INDIVIDUAIS SUL",
            "MUNICIPIO": "BRASILIA",
            "ESTADO": "DF",
            "CEP": "71680120",
            "BLOQUEADO": "N",
            "DDD": "61 ",
            "TEL": "33661619       ",
            "DDD2": "61 ",
            "CRO": "DF 4976        ",
            "TEL2": "               ",
            "FANTASIA": "ADRIANA DE PAULA BERTOLACINI FUSCO",
            "DESTAQUE": "S"
        },
        {
            "CODIGO": "000998",
            "LOJA": "01",
            "CHAVE": 12856,
            "EXCLUIDO": "N",
            "CLIENTEPAI": "      ",
            "QTDE COMPRAS": 1,
            "ENDERECO": "KEN SUGAYA",
            "NUMERO": "234",
            "BAIRRO": "ITAQUERA",
            "MUNICIPIO": "SAO PAULO",
            "ESTADO": "SP",
            "CEP": "08210100",
            "BLOQUEADO": "N",
            "DDD": "11 ",
            "TEL": "992825450      ",
            "DDD2": "11 ",
            "CRO": "SP 71136       ",
            "TEL2": "               ",
            "FANTASIA": "ADRIANA DE ZORZI CAMARGO",
            "DESTAQUE": "N"
        },
        {
            "CODIGO": "008613",
            "LOJA": "01",
            "CHAVE": 19918,
            "EXCLUIDO": "N",
            "CLIENTEPAI": "      ",
            "QTDE COMPRAS": 1,
            "ENDERECO": "RUA ESTRADA CORONEL JOSE GLADIADOR",
            "NUMERO": "239",
            "BAIRRO": "SAO PAULO",
            "MUNICIPIO": "SAO PAULO",
            "ESTADO": "SP",
            "CEP": "05267000",
            "BLOQUEADO": "N",
            "DDD": "11 ",
            "TEL": "982040738      ",
            "DDD2": "   ",
            "CRO": "SP 117676      ",
            "TEL2": "               ",
            "FANTASIA": "ADRIANA FERREIRA AGUILAR",
            "DESTAQUE": "N"
        },
        {
            "CODIGO": "000003",
            "LOJA": "01",
            "CHAVE": 11863,
            "EXCLUIDO": "N",
            "CLIENTEPAI": "      ",
            "QTDE COMPRAS": 0,
            "ENDERECO": "MAL TAUMATURGO",
            "NUMERO": "20",
            "BAIRRO": "TAUMATURGO",
            "MUNICIPIO": "TERESOPOLIS",
            "ESTADO": "RJ",
            "CEP": "25964350",
            "BLOQUEADO": "N",
            "DDD": "21 ",
            "TEL": "26435246       ",
            "DDD2": "21 ",
            "CRO": "RJ23094        ",
            "TEL2": "               ",
            "FANTASIA": "ADRIANA FERREIRA CHAVES",
            "DESTAQUE": "N"
        },
        {
            "CODIGO": "001453",
            "LOJA": "01",
            "CHAVE": 13289,
            "EXCLUIDO": "N",
            "CLIENTEPAI": "      ",
            "QTDE COMPRAS": 3,
            "ENDERECO": "JOSE DE ALBUQUERQUE",
            "NUMERO": "4",
            "BAIRRO": "TUCURUVI",
            "MUNICIPIO": "SAO PAULO",
            "ESTADO": "SP",
            "CEP": "02242080",
            "BLOQUEADO": "N",
            "DDD": "11 ",
            "TEL": "22128933       ",
            "DDD2": "11 ",
            "CRO": "SP 52600       ",
            "TEL2": "               ",
            "FANTASIA": "ADRIANA GLEDYS ZINK",
            "DESTAQUE": "N"
        },
        {
            "CODIGO": "010339",
            "LOJA": "01",
            "CHAVE": 21578,
            "EXCLUIDO": "N",
            "CLIENTEPAI": "      ",
            "QTDE COMPRAS": 0,
            "ENDERECO": "Avenida DAS AMERICAS,",
            "NUMERO": "18000",
            "BAIRRO": "RECREIO DOS BANDEIRANTES",
            "MUNICIPIO": "RIO DE JANEIRO",
            "ESTADO": "RJ",
            "CEP": "22790704",
            "BLOQUEADO": "N",
            "DDD": "21 ",
            "TEL": "981145004      ",
            "DDD2": "21 ",
            "CRO": "CRORJ 32762    ",
            "TEL2": "980932283      ",
            "FANTASIA": "ADRIANA GOMES DA COSTA FERNANDES",
            "DESTAQUE": "N"
        },
        {
            "CODIGO": "001726",
            "LOJA": "01",
            "CHAVE": 13551,
            "EXCLUIDO": "N",
            "CLIENTEPAI": "      ",
            "QTDE COMPRAS": 27,
            "ENDERECO": "PDE JOSE GARZOTTI",
            "NUMERO": "0",
            "BAIRRO": "CIDADE DUTRA",
            "MUNICIPIO": "SAO PAULO",
            "ESTADO": "SP",
            "CEP": "04806000",
            "BLOQUEADO": "N",
            "DDD": "11 ",
            "TEL": "957140976      ",
            "DDD2": "11 ",
            "CRO": "SP 93292       ",
            "TEL2": "               ",
            "FANTASIA": "ADRIANA HECHT",
            "DESTAQUE": "S"
        },
        {
            "CODIGO": "009197",
            "LOJA": "01",
            "CHAVE": 20493,
            "EXCLUIDO": "N",
            "CLIENTEPAI": "      ",
            "QTDE COMPRAS": 0,
            "ENDERECO": "Avenida ANTONIO CARLOS MAGALHAES,",
            "NUMERO": "07",
            "BAIRRO": "CAMINHO DAS ARVORES",
            "MUNICIPIO": "SALVADOR",
            "ESTADO": "BA",
            "CEP": "41820000",
            "BLOQUEADO": "N",
            "DDD": "71 ",
            "TEL": "87174709       ",
            "DDD2": "   ",
            "CRO": "BA  14988      ",
            "TEL2": "               ",
            "FANTASIA": "ADRIANA IBRAHIM DE CARVALHO",
            "DESTAQUE": "N"
        },
        {
            "CODIGO": "001914",
            "LOJA": "01",
            "CHAVE": 13737,
            "EXCLUIDO": "N",
            "CLIENTEPAI": "      ",
            "QTDE COMPRAS": 5,
            "ENDERECO": "BRASIL",
            "NUMERO": "1371",
            "BAIRRO": "CENTRO",
            "MUNICIPIO": "FERRAZ DE VASCONCELOS",
            "ESTADO": "SP",
            "CEP": "08500020",
            "BLOQUEADO": "N",
            "DDD": "11 ",
            "TEL": "952352024      ",
            "DDD2": "11 ",
            "CRO": "SP 100939      ",
            "TEL2": "               ",
            "FANTASIA": "ADRIANA LEMES DE SOUZA",
            "DESTAQUE": "N"
        },
        {
            "CODIGO": "001293",
            "LOJA": "01",
            "CHAVE": 13130,
            "EXCLUIDO": "N",
            "CLIENTEPAI": "      ",
            "QTDE COMPRAS": 104,
            "ENDERECO": "DA ALFAZEMA",
            "NUMERO": "761",
            "BAIRRO": "CAMINHO DAS ARVORES",
            "MUNICIPIO": "SALVADOR",
            "ESTADO": "BA",
            "CEP": "41820710",
            "BLOQUEADO": "N",
            "DDD": "71 ",
            "TEL": "986360487      ",
            "DDD2": "71 ",
            "CRO": "BA6176         ",
            "TEL2": "               ",
            "FANTASIA": "ADRIANA LIBORIO LIMA",
            "DESTAQUE": "S"
        },
        {
            "CODIGO": "003863",
            "LOJA": "01",
            "CHAVE": 15425,
            "EXCLUIDO": "N",
            "CLIENTEPAI": "      ",
            "QTDE COMPRAS": 3,
            "ENDERECO": "MANOEL PEDRO JUNIOR",
            "NUMERO": "75",
            "BAIRRO": "VILA BOCAINA",
            "MUNICIPIO": "MAUA",
            "ESTADO": "SP",
            "CEP": "09310720",
            "BLOQUEADO": "N",
            "DDD": "11 ",
            "TEL": "984358584      ",
            "DDD2": "11 ",
            "CRO": "SP 41882       ",
            "TEL2": "               ",
            "FANTASIA": "ADRIANA LUCIA",
            "DESTAQUE": "N"
        },
        {
            "CODIGO": "009576",
            "LOJA": "01",
            "CHAVE": 20850,
            "EXCLUIDO": "N",
            "CLIENTEPAI": "      ",
            "QTDE COMPRAS": 0,
            "ENDERECO": "Rua CACHOEIRA,",
            "NUMERO": "74",
            "BAIRRO": "JARDIM ROSA DE FRANCA",
            "MUNICIPIO": "GUARULHOS",
            "ESTADO": "SP",
            "CEP": "07080000",
            "BLOQUEADO": "N",
            "DDD": "11 ",
            "TEL": "24592188       ",
            "DDD2": "11 ",
            "CRO": "CROSP 55808    ",
            "TEL2": "986670461      ",
            "FANTASIA": "ADRIANA LUIZA TEIXEIRA DE A RODRIGUES",
            "DESTAQUE": "N"
        },
        {
            "CODIGO": "011718",
            "LOJA": "01",
            "CHAVE": 22957,
            "EXCLUIDO": "N",
            "CLIENTEPAI": "      ",
            "QTDE COMPRAS": 0,
            "ENDERECO": "Rua CACHOEIRA,",
            "NUMERO": "",
            "BAIRRO": "JARDIM ROSA DE FRANCA",
            "MUNICIPIO": "GUARULHOS",
            "ESTADO": "SP",
            "CEP": "07080000",
            "BLOQUEADO": "N",
            "DDD": "11 ",
            "TEL": "986670461      ",
            "DDD2": "   ",
            "CRO": "CL 11499       ",
            "TEL2": "               ",
            "FANTASIA": "ADRIANA LUIZA TEIXEIRA DE ANDRADE RODRIGUES",
            "DESTAQUE": "N"
        },
        {
            "CODIGO": "005378",
            "LOJA": "01",
            "CHAVE": 16931,
            "EXCLUIDO": "N",
            "CLIENTEPAI": "      ",
            "QTDE COMPRAS": 1,
            "ENDERECO": "MAXIMIANO DE CARVALHO",
            "NUMERO": "162",
            "BAIRRO": "CENTRO",
            "MUNICIPIO": "PARACAMBI",
            "ESTADO": "RJ",
            "CEP": "26600000",
            "BLOQUEADO": "N",
            "DDD": "24 ",
            "TEL": "999545583      ",
            "DDD2": "24 ",
            "CRO": "RJ 24969       ",
            "TEL2": "               ",
            "FANTASIA": "ADRIANA MAURICIO DUARTE",
            "DESTAQUE": "N"
        },
        {
            "CODIGO": "007567",
            "LOJA": "01",
            "CHAVE": 18904,
            "EXCLUIDO": "N",
            "CLIENTEPAI": "      ",
            "QTDE COMPRAS": 0,
            "ENDERECO": "B DOM JOSE",
            "NUMERO": "2051",
            "BAIRRO": "BATEL",
            "MUNICIPIO": "CURITIBA",
            "ESTADO": "PR",
            "CEP": "80440080",
            "BLOQUEADO": "N",
            "DDD": "41 ",
            "TEL": "992221636      ",
            "DDD2": "41 ",
            "CRO": "PR 31085       ",
            "TEL2": "               ",
            "FANTASIA": "ADRIANA MULINARI PINHEIRO MACHADO",
            "DESTAQUE": "N"
        },
        {
            "CODIGO": "009923",
            "LOJA": "01",
            "CHAVE": 21177,
            "EXCLUIDO": "N",
            "CLIENTEPAI": "005072",
            "QTDE COMPRAS": 0,
            "ENDERECO": " ,",
            "NUMERO": "",
            "BAIRRO": "ESTRANGEIRO",
            "MUNICIPIO": "ESTRANGEIRO",
            "ESTADO": "EX",
            "CEP": "99999999",
            "BLOQUEADO": "N",
            "DDD": "11 ",
            "TEL": "3102869271     ",
            "DDD2": "   ",
            "CRO": "01010101       ",
            "TEL2": "               ",
            "FANTASIA": "ADRIANA OLARTE (CO)",
            "DESTAQUE": "N"
        },
        {
            "CODIGO": "000004",
            "LOJA": "01",
            "CHAVE": 11864,
            "EXCLUIDO": "N",
            "CLIENTEPAI": "      ",
            "QTDE COMPRAS": 0,
            "ENDERECO": "SCRN   BLOCO E",
            "NUMERO": "713",
            "BAIRRO": "ASA NORTE",
            "MUNICIPIO": "BRASILIA",
            "ESTADO": "DF",
            "CEP": "70760650",
            "BLOQUEADO": "N",
            "DDD": "81 ",
            "TEL": "33470583       ",
            "DDD2": "81 ",
            "CRO": "DF4442         ",
            "TEL2": "81124849       ",
            "FANTASIA": "ADRIANA OLIVEIRA AZEVEDO",
            "DESTAQUE": "N"
        },
        {
            "CODIGO": "003248",
            "LOJA": "01",
            "CHAVE": 14812,
            "EXCLUIDO": "N",
            "CLIENTEPAI": "      ",
            "QTDE COMPRAS": 1,
            "ENDERECO": "MAL DEODORO",
            "NUMERO": "1503",
            "BAIRRO": "CENTRO",
            "MUNICIPIO": "SAO BERNARDO DO CAMPO",
            "ESTADO": "SP",
            "CEP": "09710012",
            "BLOQUEADO": "N",
            "DDD": "11 ",
            "TEL": "970296445      ",
            "DDD2": "11 ",
            "CRO": "SP 119445      ",
            "TEL2": "               ",
            "FANTASIA": "ADRIANA OLIVEIRA SOUZA",
            "DESTAQUE": "N"
        },
        {
            "CODIGO": "004091",
            "LOJA": "01",
            "CHAVE": 15651,
            "EXCLUIDO": "N",
            "CLIENTEPAI": "      ",
            "QTDE COMPRAS": 1,
            "ENDERECO": "DO ROSARIO",
            "NUMERO": "134",
            "BAIRRO": "CENTRO",
            "MUNICIPIO": "PIRACICABA",
            "ESTADO": "SP",
            "CEP": "13400180",
            "BLOQUEADO": "N",
            "DDD": "19 ",
            "TEL": "982271222      ",
            "DDD2": "19 ",
            "CRO": "SP 41237       ",
            "TEL2": "               ",
            "FANTASIA": "ADRIANA PAULINO DELGADO GESE",
            "DESTAQUE": "N"
        },
        {
            "CODIGO": "004046",
            "LOJA": "01",
            "CHAVE": 15606,
            "EXCLUIDO": "N",
            "CLIENTEPAI": "      ",
            "QTDE COMPRAS": 2,
            "ENDERECO": "MAJOR BONIFACIO",
            "NUMERO": "220",
            "BAIRRO": "CENTRO",
            "MUNICIPIO": "ANDRADAS",
            "ESTADO": "MG",
            "CEP": "37795000",
            "BLOQUEADO": "N",
            "DDD": "35 ",
            "TEL": "999311665      ",
            "DDD2": "35 ",
            "CRO": "19993 MG       ",
            "TEL2": "               ",
            "FANTASIA": "ADRIANA PINTO",
            "DESTAQUE": "N"
        },
        {
            "CODIGO": "009616",
            "LOJA": "01",
            "CHAVE": 20888,
            "EXCLUIDO": "N",
            "CLIENTEPAI": "      ",
            "QTDE COMPRAS": 0,
            "ENDERECO": "RUA DOUTOR ALVIM,",
            "NUMERO": "1326",
            "BAIRRO": "SAO DIMAS",
            "MUNICIPIO": "PIRACICABA",
            "ESTADO": "SP",
            "CEP": "13416259",
            "BLOQUEADO": "N",
            "DDD": "19 ",
            "TEL": "997880997      ",
            "DDD2": "19 ",
            "CRO": "CROSP 45426    ",
            "TEL2": "997880997      ",
            "FANTASIA": "ADRIANA PIZZO GUSSON",
            "DESTAQUE": "N"
        },
        {
            "CODIGO": "006649",
            "LOJA": "01",
            "CHAVE": 18077,
            "EXCLUIDO": "N",
            "CLIENTEPAI": "      ",
            "QTDE COMPRAS": 3,
            "ENDERECO": "BRASIL",
            "NUMERO": "18",
            "BAIRRO": "CENTRO",
            "MUNICIPIO": "CAMBE",
            "ESTADO": "PR",
            "CEP": "86181010",
            "BLOQUEADO": "N",
            "DDD": "43 ",
            "TEL": "996492122      ",
            "DDD2": "43 ",
            "CRO": "PR 22707       ",
            "TEL2": "               ",
            "FANTASIA": "ADRIANA RABELO BORGES",
            "DESTAQUE": "N"
        },
        {
            "CODIGO": "009187",
            "LOJA": "01",
            "CHAVE": 20483,
            "EXCLUIDO": "N",
            "CLIENTEPAI": "      ",
            "QTDE COMPRAS": 0,
            "ENDERECO": "Avenida GUILHERME MAXWELL,",
            "NUMERO": " 547",
            "BAIRRO": "BONSUCESSO",
            "MUNICIPIO": "RIO DE JANEIRO",
            "ESTADO": "RJ",
            "CEP": "21042111",
            "BLOQUEADO": "N",
            "DDD": "21 ",
            "TEL": "999643887      ",
            "DDD2": "   ",
            "CRO": "RJ 23849       ",
            "TEL2": "               ",
            "FANTASIA": "ADRIANA RIBAS",
            "DESTAQUE": "N"
        },
        {
            "CODIGO": "003564",
            "LOJA": "01",
            "CHAVE": 15128,
            "EXCLUIDO": "N",
            "CLIENTEPAI": "      ",
            "QTDE COMPRAS": 30,
            "ENDERECO": "EUCLIDES MIRAGAIA",
            "NUMERO": "394",
            "BAIRRO": "CENTRO",
            "MUNICIPIO": "SAO JOSE DOS CAMPOS",
            "ESTADO": "SP",
            "CEP": "12245820",
            "BLOQUEADO": "N",
            "DDD": "12 ",
            "TEL": "981824663      ",
            "DDD2": "12 ",
            "CRO": "SP 76358       ",
            "TEL2": "               ",
            "FANTASIA": "ADRIANA RODRIGUES MARTINS",
            "DESTAQUE": "S"
        },
        {
            "CODIGO": "009862",
            "LOJA": "01",
            "CHAVE": 21117,
            "EXCLUIDO": "N",
            "CLIENTEPAI": "      ",
            "QTDE COMPRAS": 0,
            "ENDERECO": "RUA MONSENHOR BICALHO,",
            "NUMERO": "983",
            "BAIRRO": "ELDORADO",
            "MUNICIPIO": "CONTAGEM",
            "ESTADO": "MG",
            "CEP": "32310220",
            "BLOQUEADO": "N",
            "DDD": "21 ",
            "TEL": "997476335      ",
            "DDD2": "   ",
            "CRO": "MG 60931       ",
            "TEL2": "               ",
            "FANTASIA": "ADRIANA RODRIGUES NICANDIO",
            "DESTAQUE": "N"
        },
        {
            "CODIGO": "003609",
            "LOJA": "01",
            "CHAVE": 15173,
            "EXCLUIDO": "N",
            "CLIENTEPAI": "      ",
            "QTDE COMPRAS": 35,
            "ENDERECO": "RUA BENJAMIM CONSTANT",
            "NUMERO": "69",
            "BAIRRO": "CENTRO",
            "MUNICIPIO": "BUENO BRANDAO",
            "ESTADO": "MG",
            "CEP": "37578000",
            "BLOQUEADO": "N",
            "DDD": "35 ",
            "TEL": "998229249      ",
            "DDD2": "35 ",
            "CRO": "MG 23732       ",
            "TEL2": "99822-9249     ",
            "FANTASIA": "ADRIANA ROSA DA COSTA",
            "DESTAQUE": "S"
        },
        {
            "CODIGO": "005674",
            "LOJA": "01",
            "CHAVE": 17226,
            "EXCLUIDO": "N",
            "CLIENTEPAI": "      ",
            "QTDE COMPRAS": 0,
            "ENDERECO": "MARIZ E BARROS",
            "NUMERO": "300",
            "BAIRRO": "PRACA DA BANDEIRA",
            "MUNICIPIO": "RIO DE JANEIRO",
            "ESTADO": "RJ",
            "CEP": "20270001",
            "BLOQUEADO": "N",
            "DDD": "21 ",
            "TEL": "981284974      ",
            "DDD2": "21 ",
            "CRO": "RJ 43378       ",
            "TEL2": "               ",
            "FANTASIA": "ADRIANA SANTANA MARQUESINE",
            "DESTAQUE": "N"
        },
        {
            "CODIGO": "003928",
            "LOJA": "01",
            "CHAVE": 15490,
            "EXCLUIDO": "N",
            "CLIENTEPAI": "      ",
            "QTDE COMPRAS": 1,
            "ENDERECO": "SANTA GERTRUDES",
            "NUMERO": "29",
            "BAIRRO": "JARDIM ROSA",
            "MUNICIPIO": "FRANCISCO MORATO",
            "ESTADO": "SP",
            "CEP": "07943000",
            "BLOQUEADO": "N",
            "DDD": "11 ",
            "TEL": "969256060      ",
            "DDD2": "11 ",
            "CRO": "SP 89105       ",
            "TEL2": "               ",
            "FANTASIA": "ADRIANA SCHIAVO",
            "DESTAQUE": "N"
        },
        {
            "CODIGO": "001681",
            "LOJA": "01",
            "CHAVE": 13506,
            "EXCLUIDO": "N",
            "CLIENTEPAI": "      ",
            "QTDE COMPRAS": 6,
            "ENDERECO": "ALFERES FRANCO",
            "NUMERO": "907",
            "BAIRRO": "CENTRO",
            "MUNICIPIO": "LIMEIRA",
            "ESTADO": "SP",
            "CEP": "13480050",
            "BLOQUEADO": "N",
            "DDD": "19 ",
            "TEL": "34516864       ",
            "DDD2": "19 ",
            "CRO": "SP 36659       ",
            "TEL2": "               ",
            "FANTASIA": "ADRIANA SIMONI LUCATO",
            "DESTAQUE": "N"
        },
        {
            "CODIGO": "000692",
            "LOJA": "01",
            "CHAVE": 12551,
            "EXCLUIDO": "N",
            "CLIENTEPAI": "      ",
            "QTDE COMPRAS": 55,
            "ENDERECO": "DR BACELAR",
            "NUMERO": "730",
            "BAIRRO": "VILA CLEMENTINO",
            "MUNICIPIO": "SAO PAULO",
            "ESTADO": "SP",
            "CEP": "04026001",
            "BLOQUEADO": "N",
            "DDD": "11 ",
            "TEL": "55943407       ",
            "DDD2": "11 ",
            "CRO": "SP61830        ",
            "TEL2": "996157451      ",
            "FANTASIA": "ADRIANA SOARES GALLO",
            "DESTAQUE": "S"
        },
        {
            "CODIGO": "007827",
            "LOJA": "01",
            "CHAVE": 19158,
            "EXCLUIDO": "N",
            "CLIENTEPAI": "      ",
            "QTDE COMPRAS": 0,
            "ENDERECO": "",
            "NUMERO": "0",
            "BAIRRO": "",
            "MUNICIPIO": "",
            "ESTADO": "SP",
            "CEP": "        ",
            "BLOQUEADO": "N",
            "DDD": "11 ",
            "TEL": "972502534      ",
            "DDD2": "11 ",
            "CRO": "SP 100378      ",
            "TEL2": "               ",
            "FANTASIA": "ADRIANA TONIE TAKAIZUMI KOGA UENO",
            "DESTAQUE": "N"
        },
        {
            "CODIGO": "009804",
            "LOJA": "01",
            "CHAVE": 21067,
            "EXCLUIDO": "N",
            "CLIENTEPAI": "      ",
            "QTDE COMPRAS": 0,
            "ENDERECO": "RUA PARA,",
            "NUMERO": "50",
            "BAIRRO": "CONSOLACAO",
            "MUNICIPIO": "SAO PAULO",
            "ESTADO": "SP",
            "CEP": "01243020",
            "BLOQUEADO": "N",
            "DDD": "11 ",
            "TEL": "982441473      ",
            "DDD2": "   ",
            "CRO": "SP 55959       ",
            "TEL2": "               ",
            "FANTASIA": "ADRIANA VALLONE",
            "DESTAQUE": "N"
        },
        {
            "CODIGO": "004932",
            "LOJA": "01",
            "CHAVE": 16488,
            "EXCLUIDO": "N",
            "CLIENTEPAI": "      ",
            "QTDE COMPRAS": 2,
            "ENDERECO": "ALFREDO IGNACIO NOGUEIRA PENIDO",
            "NUMERO": "335",
            "BAIRRO": "PARQUE RESIDENCIAL AQUARIUS",
            "MUNICIPIO": "SAO JOSE DOS CAMPOS",
            "ESTADO": "SP",
            "CEP": "12246000",
            "BLOQUEADO": "N",
            "DDD": "12 ",
            "TEL": "997235681      ",
            "DDD2": "12 ",
            "CRO": "SP 65425       ",
            "TEL2": "               ",
            "FANTASIA": "ADRIANA VELOSO LOMBARDI GARCIA",
            "DESTAQUE": "N"
        },
        {
            "CODIGO": "003847",
            "LOJA": "01",
            "CHAVE": 15409,
            "EXCLUIDO": "N",
            "CLIENTEPAI": "      ",
            "QTDE COMPRAS": 3,
            "ENDERECO": "BRANCO DE ARAUJO",
            "NUMERO": "172",
            "BAIRRO": "CHACARA SANTO ANTONIO",
            "MUNICIPIO": "SAO PAULO",
            "ESTADO": "SP",
            "CEP": "04715010",
            "BLOQUEADO": "N",
            "DDD": "11 ",
            "TEL": "964352106      ",
            "DDD2": "11 ",
            "CRO": "SP 33477       ",
            "TEL2": "               ",
            "FANTASIA": "ADRIANA VENTICINQUE",
            "DESTAQUE": "N"
        },
        {
            "CODIGO": "007828",
            "LOJA": "01",
            "CHAVE": 19159,
            "EXCLUIDO": "N",
            "CLIENTEPAI": "      ",
            "QTDE COMPRAS": 0,
            "ENDERECO": "RUA JOSE CARDOSO DE LIMA",
            "NUMERO": "845",
            "BAIRRO": "CENTRO",
            "MUNICIPIO": "LUIS EDUARDO MAGALHAES",
            "ESTADO": "BA",
            "CEP": "47850003",
            "BLOQUEADO": "N",
            "DDD": "77 ",
            "TEL": "991027929      ",
            "DDD2": "77 ",
            "CRO": "BA 12975       ",
            "TEL2": "               ",
            "FANTASIA": "ADRIANA VICTOR DE BARROS",
            "DESTAQUE": "N"
        },
        {
            "CODIGO": "002195",
            "LOJA": "01",
            "CHAVE": 14016,
            "EXCLUIDO": "N",
            "CLIENTEPAI": "      ",
            "QTDE COMPRAS": 10,
            "ENDERECO": "DR SAMUEL PORTO",
            "NUMERO": "46",
            "BAIRRO": "SAUDE",
            "MUNICIPIO": "SAO PAULO",
            "ESTADO": "SP",
            "CEP": "04054010",
            "BLOQUEADO": "N",
            "DDD": "11 ",
            "TEL": "991120803      ",
            "DDD2": "11 ",
            "CRO": "46988          ",
            "TEL2": "               ",
            "FANTASIA": "ADRIANA VUONO DE CAMARGO PENTEADO",
            "DESTAQUE": "S"
        },
        {
            "CODIGO": "000005",
            "LOJA": "01",
            "CHAVE": 11865,
            "EXCLUIDO": "N",
            "CLIENTEPAI": "      ",
            "QTDE COMPRAS": 14,
            "ENDERECO": "ANA JARVIS",
            "NUMERO": "40",
            "BAIRRO": "JARDIM PARAISO",
            "MUNICIPIO": "SANTO ANDRE",
            "ESTADO": "SP",
            "CEP": "09190110",
            "BLOQUEADO": "N",
            "DDD": "11 ",
            "TEL": "44267636       ",
            "DDD2": "11 ",
            "CRO": "SP66364        ",
            "TEL2": "993836094      ",
            "FANTASIA": "ADRIANE ALMEIDA SOARES MANSI",
            "DESTAQUE": "S"
        },
        {
            "CODIGO": "001228",
            "LOJA": "01",
            "CHAVE": 13069,
            "EXCLUIDO": "N",
            "CLIENTEPAI": "      ",
            "QTDE COMPRAS": 5,
            "ENDERECO": "DR FRANCISCO RANIERI",
            "NUMERO": "829",
            "BAIRRO": "LAUZANE PAULISTA",
            "MUNICIPIO": "SAO PAULO",
            "ESTADO": "SP",
            "CEP": "02435060",
            "BLOQUEADO": "N",
            "DDD": "11 ",
            "TEL": "22081054       ",
            "DDD2": "11 ",
            "CRO": "               ",
            "TEL2": "               ",
            "FANTASIA": "ADRIANE ELENA GEMAQUE DE MATOS",
            "DESTAQUE": "N"
        },
        {
            "CODIGO": "002818",
            "LOJA": "01",
            "CHAVE": 14383,
            "EXCLUIDO": "N",
            "CLIENTEPAI": "      ",
            "QTDE COMPRAS": 1,
            "ENDERECO": "AVENIDA AMARAL PESSOLATO",
            "NUMERO": "207",
            "BAIRRO": "CENTRO",
            "MUNICIPIO": "RIO DE JANEIRO",
            "ESTADO": "RJ",
            "CEP": "        ",
            "BLOQUEADO": "N",
            "DDD": "21 ",
            "TEL": "27172555       ",
            "DDD2": "21 ",
            "CRO": "RJ 194801      ",
            "TEL2": "               ",
            "FANTASIA": "ADRIANE GUERRA",
            "DESTAQUE": "N"
        },
        {
            "CODIGO": "001844",
            "LOJA": "01",
            "CHAVE": 13668,
            "EXCLUIDO": "N",
            "CLIENTEPAI": "      ",
            "QTDE COMPRAS": 1,
            "ENDERECO": "SETE DE SETEMBRO",
            "NUMERO": "3064",
            "BAIRRO": "CENTRO",
            "MUNICIPIO": "SAO CARLOS",
            "ESTADO": "SP",
            "CEP": "13560181",
            "BLOQUEADO": "N",
            "DDD": "16 ",
            "TEL": "991137019      ",
            "DDD2": "16 ",
            "CRO": "SP 60058       ",
            "TEL2": "               ",
            "FANTASIA": "ADRIANE KIKA NISHIMURA",
            "DESTAQUE": "N"
        },
        {
            "CODIGO": "003395",
            "LOJA": "01",
            "CHAVE": 14959,
            "EXCLUIDO": "N",
            "CLIENTEPAI": "      ",
            "QTDE COMPRAS": 1,
            "ENDERECO": "DOS VIANAS",
            "NUMERO": "2649",
            "BAIRRO": "VILA BAETA NEVES",
            "MUNICIPIO": "SAO BERNARDO DO CAMPO",
            "ESTADO": "SP",
            "CEP": "09760001",
            "BLOQUEADO": "N",
            "DDD": "11 ",
            "TEL": "998270897      ",
            "DDD2": "11 ",
            "CRO": "SP 71139       ",
            "TEL2": "               ",
            "FANTASIA": "ADRIANE MELLO BARBATO",
            "DESTAQUE": "N"
        },
        {
            "CODIGO": "000569",
            "LOJA": "01",
            "CHAVE": 12428,
            "EXCLUIDO": "N",
            "CLIENTEPAI": "      ",
            "QTDE COMPRAS": 0,
            "ENDERECO": "DOIS DE DEZEMBRO",
            "NUMERO": "78",
            "BAIRRO": "FLAMENGO",
            "MUNICIPIO": "RIO DE JANEIRO",
            "ESTADO": "RJ",
            "CEP": "22220040",
            "BLOQUEADO": "N",
            "DDD": "21 ",
            "TEL": "30868183       ",
            "DDD2": "21 ",
            "CRO": "RJ26266        ",
            "TEL2": "988721934      ",
            "FANTASIA": "ADRIANNA MARLEY FARIA DOS REIS AFFO",
            "DESTAQUE": "N"
        },
        {
            "CODIGO": "005756",
            "LOJA": "01",
            "CHAVE": 17308,
            "EXCLUIDO": "N",
            "CLIENTEPAI": "      ",
            "QTDE COMPRAS": 0,
            "ENDERECO": "HELENA APARECIDA SECOL",
            "NUMERO": "919",
            "BAIRRO": "JARDIM PALERMO",
            "MUNICIPIO": "SAO BERNARDO DO CAMPO",
            "ESTADO": "SP",
            "CEP": "09780595",
            "BLOQUEADO": "N",
            "DDD": "11 ",
            "TEL": "               ",
            "DDD2": "11 ",
            "CRO": "               ",
            "TEL2": "               ",
            "FANTASIA": "ADRIANNE MOURA CARVALHO",
            "DESTAQUE": "N"
        },
        {
            "CODIGO": "009490",
            "LOJA": "01",
            "CHAVE": 20769,
            "EXCLUIDO": "N",
            "CLIENTEPAI": "      ",
            "QTDE COMPRAS": 0,
            "ENDERECO": "RUA JACINTO ALCIDES,",
            "NUMERO": "219",
            "BAIRRO": "BANGU",
            "MUNICIPIO": "RIO DE JANEIRO",
            "ESTADO": "RJ",
            "CEP": "21810061",
            "BLOQUEADO": "N",
            "DDD": "21 ",
            "TEL": "99882-5940     ",
            "DDD2": "21 ",
            "CRO": "RJ 195155      ",
            "TEL2": "3331-8993      ",
            "FANTASIA": "ADRIANO ALBINO BORGES VAZ",
            "DESTAQUE": "N"
        },
        {
            "CODIGO": "009267",
            "LOJA": "01",
            "CHAVE": 20559,
            "EXCLUIDO": "N",
            "CLIENTEPAI": "      ",
            "QTDE COMPRAS": 0,
            "ENDERECO": "RUA CAPITAO LISBOA,",
            "NUMERO": "950",
            "BAIRRO": "CENTRO",
            "MUNICIPIO": "TATUI",
            "ESTADO": "SP",
            "CEP": "18270070",
            "BLOQUEADO": "N",
            "DDD": "15 ",
            "TEL": "997495051      ",
            "DDD2": "   ",
            "CRO": "CROSP 76094    ",
            "TEL2": "               ",
            "FANTASIA": "ADRIANO AUGUSTO HOFFMANN",
            "DESTAQUE": "N"
        },
        {
            "CODIGO": "004873",
            "LOJA": "01",
            "CHAVE": 16429,
            "EXCLUIDO": "N",
            "CLIENTEPAI": "      ",
            "QTDE COMPRAS": 0,
            "ENDERECO": "RUA IRMAOS VIEIRA",
            "NUMERO": "221",
            "BAIRRO": "CAMPINAS",
            "MUNICIPIO": "SAO JOSE",
            "ESTADO": "SC",
            "CEP": "88191290",
            "BLOQUEADO": "N",
            "DDD": "48 ",
            "TEL": "991042236      ",
            "DDD2": "48 ",
            "CRO": "SC 6024        ",
            "TEL2": "               ",
            "FANTASIA": "ADRIANO CESAR GARCIA JOAQUIM",
            "DESTAQUE": "N"
        },
        {
            "CODIGO": "005031",
            "LOJA": "01",
            "CHAVE": 16585,
            "EXCLUIDO": "N",
            "CLIENTEPAI": "      ",
            "QTDE COMPRAS": 7,
            "ENDERECO": "JULIO BUONO",
            "NUMERO": "2170",
            "BAIRRO": "VILA GUSTAVO",
            "MUNICIPIO": "SAO PAULO",
            "ESTADO": "SP",
            "CEP": "02201002",
            "BLOQUEADO": "N",
            "DDD": "11 ",
            "TEL": "970806826      ",
            "DDD2": "11 ",
            "CRO": "SP 116368      ",
            "TEL2": "               ",
            "FANTASIA": "ADRIANO DE JESUS RODRIGUES",
            "DESTAQUE": "N"
        },
        {
            "CODIGO": "004874",
            "LOJA": "01",
            "CHAVE": 16430,
            "EXCLUIDO": "N",
            "CLIENTEPAI": "      ",
            "QTDE COMPRAS": 0,
            "ENDERECO": "WILSON LIMA FERNANDES",
            "NUMERO": "53",
            "BAIRRO": "VILA SAO SEBASTIAO",
            "MUNICIPIO": "SAO PAULO",
            "ESTADO": "SP",
            "CEP": "08738230",
            "BLOQUEADO": "N",
            "DDD": "11 ",
            "TEL": "981249141      ",
            "DDD2": "11 ",
            "CRO": "SP 102435      ",
            "TEL2": "               ",
            "FANTASIA": "ADRIANO FERNANDES DE JESUS ALBADO",
            "DESTAQUE": "N"
        },
        {
            "CODIGO": "006562",
            "LOJA": "01",
            "CHAVE": 17990,
            "EXCLUIDO": "N",
            "CLIENTEPAI": "      ",
            "QTDE COMPRAS": 4,
            "ENDERECO": "QNB",
            "NUMERO": "09",
            "BAIRRO": "TAGUATINGA NORTE",
            "MUNICIPIO": "BRASILIA",
            "ESTADO": "DF",
            "CEP": "72115010",
            "BLOQUEADO": "N",
            "DDD": "61 ",
            "TEL": "992134949      ",
            "DDD2": "61 ",
            "CRO": "DF 7211        ",
            "TEL2": "               ",
            "FANTASIA": "ADRIANO FERREIRA SANTOS",
            "DESTAQUE": "N"
        },
        {
            "CODIGO": "007307",
            "LOJA": "01",
            "CHAVE": 18662,
            "EXCLUIDO": "N",
            "CLIENTEPAI": "      ",
            "QTDE COMPRAS": 1,
            "ENDERECO": "RUA GETULIO VARGAS",
            "NUMERO": "83",
            "BAIRRO": "CENTRO",
            "MUNICIPIO": "SAO JOAQUIM",
            "ESTADO": "SC",
            "CEP": "88600000",
            "BLOQUEADO": "N",
            "DDD": "49 ",
            "TEL": "991226117      ",
            "DDD2": "49 ",
            "CRO": "SC 11936       ",
            "TEL2": "               ",
            "FANTASIA": "ADRIANO LEMOS DE SOUZA",
            "DESTAQUE": "N"
        },
        {
            "CODIGO": "005622",
            "LOJA": "01",
            "CHAVE": 17174,
            "EXCLUIDO": "N",
            "CLIENTEPAI": "      ",
            "QTDE COMPRAS": 0,
            "ENDERECO": "RUA ZECA NETO",
            "NUMERO": "668",
            "BAIRRO": "centro",
            "MUNICIPIO": "CAMAQUA",
            "ESTADO": "RS",
            "CEP": "96780074",
            "BLOQUEADO": "N",
            "DDD": "51 ",
            "TEL": "992813930      ",
            "DDD2": "51 ",
            "CRO": "RS 19314       ",
            "TEL2": "               ",
            "FANTASIA": "ADRIANO LINCK",
            "DESTAQUE": "N"
        },
        {
            "CODIGO": "003662",
            "LOJA": "01",
            "CHAVE": 15226,
            "EXCLUIDO": "N",
            "CLIENTEPAI": "      ",
            "QTDE COMPRAS": 1,
            "ENDERECO": "ALBERTINO RODRIGUES",
            "NUMERO": "234",
            "BAIRRO": "SANTA ROSA",
            "MUNICIPIO": "UBERLANDIA",
            "ESTADO": "MG",
            "CEP": "38401244",
            "BLOQUEADO": "N",
            "DDD": "34 ",
            "TEL": "991136440      ",
            "DDD2": "34 ",
            "CRO": "MG 25042       ",
            "TEL2": "               ",
            "FANTASIA": "ADRIANO MARQUES BATISTA",
            "DESTAQUE": "N"
        },
        {
            "CODIGO": "006629",
            "LOJA": "01",
            "CHAVE": 18057,
            "EXCLUIDO": "N",
            "CLIENTEPAI": "      ",
            "QTDE COMPRAS": 0,
            "ENDERECO": "SALEM BECHARA",
            "NUMERO": "140",
            "BAIRRO": "CENTRO",
            "MUNICIPIO": "SAO PAULO",
            "ESTADO": "SP",
            "CEP": "06018180",
            "BLOQUEADO": "N",
            "DDD": "11 ",
            "TEL": "995035715      ",
            "DDD2": "11 ",
            "CRO": "SP 109628      ",
            "TEL2": "1136825969     ",
            "FANTASIA": "ADRIANO MARQUES DA SILVA",
            "DESTAQUE": "N"
        },
        {
            "CODIGO": "000006",
            "LOJA": "01",
            "CHAVE": 11866,
            "EXCLUIDO": "N",
            "CLIENTEPAI": "      ",
            "QTDE COMPRAS": 0,
            "ENDERECO": "RUA VEREADOR MANOEL PROCOPIO LEAO",
            "NUMERO": "232",
            "BAIRRO": "CENTRO",
            "MUNICIPIO": "TOCANTINS",
            "ESTADO": "MG",
            "CEP": "36512000",
            "BLOQUEADO": "N",
            "DDD": "32 ",
            "TEL": "35741630       ",
            "DDD2": "32 ",
            "CRO": "MG27568        ",
            "TEL2": "88251312       ",
            "FANTASIA": "ADRIANO RODRIGUES VICENTE",
            "DESTAQUE": "N"
        },
        {
            "CODIGO": "006669",
            "LOJA": "01",
            "CHAVE": 18097,
            "EXCLUIDO": "N",
            "CLIENTEPAI": "      ",
            "QTDE COMPRAS": 0,
            "ENDERECO": "JOAO DA VEIGA BUENO",
            "NUMERO": "4",
            "BAIRRO": "VILA MARARI",
            "MUNICIPIO": "SAO PAULO",
            "ESTADO": "SP",
            "CEP": "04403200",
            "BLOQUEADO": "N",
            "DDD": "11 ",
            "TEL": "982698998      ",
            "DDD2": "11 ",
            "CRO": "               ",
            "TEL2": "               ",
            "FANTASIA": "ADRIELLY DA SILVA ALMEIDA",
            "DESTAQUE": "N"
        }
    ]
}