{
    "items": [
        {
            "CODIGO": "003550",
            "LOJA": "01",
            "CHAVE": 15114,
            "EXCLUIDO": "N",
            "CLIENTEPAI": "      ",
            "QTDE COMPRAS": 1,
            "ENDERECO": "PROF LINEU PRESTES",
            "NUMERO": "2242",
            "BAIRRO": "BUTANTA",
            "MUNICIPIO": "SAO PAULO",
            "ESTADO": "SP",
            "CEP": "05508000",
            "BLOQUEADO": "N",
            "DDD": "   ",
            "TEL": "               ",
            "DDD2": "   ",
            "CRO": "               ",
            "TEL2": "               ",
            "FANTASIA": "3D CRIAR FABRICACAO",
            "DESTAQUE": "N"
        },
        {
            "CODIGO": "009051",
            "LOJA": "01",
            "CHAVE": 20356,
            "EXCLUIDO": "N",
            "CLIENTEPAI": "      ",
            "QTDE COMPRAS": 0,
            "ENDERECO": "AVENIDA LUIS PIRES DE MINAS,",
            "NUMERO": "64",
            "BAIRRO": "CIDADE CENTENARIO",
            "MUNICIPIO": "SAO PAULO",
            "ESTADO": "SP",
            "CEP": "03933070",
            "BLOQUEADO": "N",
            "DDD": "11 ",
            "TEL": "969072572      ",
            "DDD2": "   ",
            "CRO": "SP 148158      ",
            "TEL2": "               ",
            "FANTASIA": "ABDUL KARIM PEREIRA AWILLA",
            "DESTAQUE": "N"
        },
        {
            "CODIGO": "001262",
            "LOJA": "01",
            "CHAVE": 13100,
            "EXCLUIDO": "N",
            "CLIENTEPAI": "      ",
            "QTDE COMPRAS": 2,
            "ENDERECO": "SILVEIRA MARTINS",
            "NUMERO": "111110",
            "BAIRRO": "FLAMENGO",
            "MUNICIPIO": "NITEROI",
            "ESTADO": "RJ",
            "CEP": "22221000",
            "BLOQUEADO": "N",
            "DDD": "48 ",
            "TEL": "996771832      ",
            "DDD2": "48 ",
            "CRO": "               ",
            "TEL2": "               ",
            "FANTASIA": "ABIGAIL  FERREIRA  SODRE",
            "DESTAQUE": "N"
        },
        {
            "CODIGO": "003059",
            "LOJA": "01",
            "CHAVE": 14623,
            "EXCLUIDO": "N",
            "CLIENTEPAI": "      ",
            "QTDE COMPRAS": 7,
            "ENDERECO": "RUA TIRADENTES",
            "NUMERO": "255",
            "BAIRRO": "CENTRO",
            "MUNICIPIO": "CAPIVARI",
            "ESTADO": "SP",
            "CEP": "13360000",
            "BLOQUEADO": "N",
            "DDD": "19 ",
            "TEL": "991481676      ",
            "DDD2": "19 ",
            "CRO": "SP 38890       ",
            "TEL2": "               ",
            "FANTASIA": "ABIGAIL CAMPOS BICUDO",
            "DESTAQUE": "N"
        },
        {
            "CODIGO": "010494",
            "LOJA": "01",
            "CHAVE": 21732,
            "EXCLUIDO": "N",
            "CLIENTEPAI": "005071",
            "QTDE COMPRAS": 0,
            "ENDERECO": " ,",
            "NUMERO": "1",
            "BAIRRO": "EX",
            "MUNICIPIO": "ESTRANGEIRO",
            "ESTADO": "EX",
            "CEP": "99999999",
            "BLOQUEADO": "N",
            "DDD": "11 ",
            "TEL": "9              ",
            "DDD2": "   ",
            "CRO": "1218           ",
            "TEL2": "               ",
            "FANTASIA": "ABIGAIL CASTANEDA  (MX)",
            "DESTAQUE": "N"
        },
        {
            "CODIGO": "007564",
            "LOJA": "01",
            "CHAVE": 18901,
            "EXCLUIDO": "N",
            "CLIENTEPAI": "      ",
            "QTDE COMPRAS": 7,
            "ENDERECO": "MATO GROSSO",
            "NUMERO": "2064",
            "BAIRRO": "CENTRO",
            "MUNICIPIO": "CAMPO GRANDE",
            "ESTADO": "MS",
            "CEP": "79020201",
            "BLOQUEADO": "N",
            "DDD": "67 ",
            "TEL": "999850405      ",
            "DDD2": "67 ",
            "CRO": "MS 1551        ",
            "TEL2": "999883210      ",
            "FANTASIA": "ABILIO FERNANDES MARTINS",
            "DESTAQUE": "N"
        },
        {
            "CODIGO": "005145",
            "LOJA": "01",
            "CHAVE": 16699,
            "EXCLUIDO": "N",
            "CLIENTEPAI": "      ",
            "QTDE COMPRAS": 1,
            "ENDERECO": "MENDES DA ROCHA",
            "NUMERO": "229",
            "BAIRRO": "JARDIM BRASIL",
            "MUNICIPIO": "SAO PAULO",
            "ESTADO": "SP",
            "CEP": "02227000",
            "BLOQUEADO": "N",
            "DDD": "11 ",
            "TEL": "982173949      ",
            "DDD2": "11 ",
            "CRO": "SP 104771      ",
            "TEL2": "               ",
            "FANTASIA": "ABNER ANTONIO BRANCATI PEREZ",
            "DESTAQUE": "N"
        },
        {
            "CODIGO": "010107",
            "LOJA": "01",
            "CHAVE": 21348,
            "EXCLUIDO": "N",
            "CLIENTEPAI": "      ",
            "QTDE COMPRAS": 0,
            "ENDERECO": "RUA DA CONCEIC�O,",
            "NUMERO": "244",
            "BAIRRO": "CENTRO",
            "MUNICIPIO": "ANGRA DOS REIS",
            "ESTADO": "RJ",
            "CEP": "23900437",
            "BLOQUEADO": "N",
            "DDD": "24 ",
            "TEL": "999583253      ",
            "DDD2": "24 ",
            "CRO": "CRORJ 38597    ",
            "TEL2": "999011178      ",
            "FANTASIA": "ACACIA CARNEIRO DE  OLIVEIRA",
            "DESTAQUE": "N"
        },
        {
            "CODIGO": "007083",
            "LOJA": "01",
            "CHAVE": 18483,
            "EXCLUIDO": "N",
            "CLIENTEPAI": "      ",
            "QTDE COMPRAS": 0,
            "ENDERECO": "RUA MOSSORO",
            "NUMERO": "507",
            "BAIRRO": "Tirol",
            "MUNICIPIO": "NATAL",
            "ESTADO": "RN",
            "CEP": "        ",
            "BLOQUEADO": "N",
            "DDD": "84 ",
            "TEL": "988201119      ",
            "DDD2": "84 ",
            "CRO": "RN 9111        ",
            "TEL2": "               ",
            "FANTASIA": "ACHYLA MIRIAM LOPES DA SILVA",
            "DESTAQUE": "N"
        },
        {
            "CODIGO": "001806",
            "LOJA": "01",
            "CHAVE": 13630,
            "EXCLUIDO": "N",
            "CLIENTEPAI": "      ",
            "QTDE COMPRAS": 1,
            "ENDERECO": "GETULIO VARGAS",
            "NUMERO": "201",
            "BAIRRO": "CENTRO",
            "MUNICIPIO": "JUIZ DE FORA",
            "ESTADO": "MG",
            "CEP": "36013010",
            "BLOQUEADO": "N",
            "DDD": "32 ",
            "TEL": "988757035      ",
            "DDD2": "32 ",
            "CRO": "MG 31809       ",
            "TEL2": "               ",
            "FANTASIA": "ACIR AZEVEDO CORTES",
            "DESTAQUE": "N"
        },
        {
            "CODIGO": "006328",
            "LOJA": "01",
            "CHAVE": 17850,
            "EXCLUIDO": "N",
            "CLIENTEPAI": "      ",
            "QTDE COMPRAS": 0,
            "ENDERECO": "RUA JOSE ROCHA",
            "NUMERO": "77",
            "BAIRRO": "CENTRO",
            "MUNICIPIO": "BARREIRAS",
            "ESTADO": "BA",
            "CEP": "47800184",
            "BLOQUEADO": "N",
            "DDD": "77 ",
            "TEL": "988033313      ",
            "DDD2": "77 ",
            "CRO": "BA 4671        ",
            "TEL2": "               ",
            "FANTASIA": "ADA QUEIROZ ROCHA LIMA",
            "DESTAQUE": "N"
        },
        {
            "CODIGO": "001057",
            "LOJA": "01",
            "CHAVE": 12915,
            "EXCLUIDO": "N",
            "CLIENTEPAI": "      ",
            "QTDE COMPRAS": 6,
            "ENDERECO": "FAGUNDES FILHO",
            "NUMERO": "623",
            "BAIRRO": "VILA MONTE ALEGRE",
            "MUNICIPIO": "SAO PAULO",
            "ESTADO": "SP",
            "CEP": "04304010",
            "BLOQUEADO": "N",
            "DDD": "   ",
            "TEL": "1198792462     ",
            "DDD2": "   ",
            "CRO": "               ",
            "TEL2": "               ",
            "FANTASIA": "ADAILTON BARROS",
            "DESTAQUE": "N"
        },
        {
            "CODIGO": "007822",
            "LOJA": "01",
            "CHAVE": 19153,
            "EXCLUIDO": "N",
            "CLIENTEPAI": "      ",
            "QTDE COMPRAS": 1,
            "ENDERECO": "CANTOR EDUARDO",
            "NUMERO": "256",
            "BAIRRO": "VILA HERMINIA",
            "MUNICIPIO": "SAO PAULO",
            "ESTADO": "SP",
            "CEP": "02979180",
            "BLOQUEADO": "N",
            "DDD": "11 ",
            "TEL": "39716169       ",
            "DDD2": "11 ",
            "CRO": "SP 53540       ",
            "TEL2": "               ",
            "FANTASIA": "ADAILTON DA SILVA",
            "DESTAQUE": "N"
        },
        {
            "CODIGO": "010497",
            "LOJA": "01",
            "CHAVE": 21735,
            "EXCLUIDO": "N",
            "CLIENTEPAI": "005071",
            "QTDE COMPRAS": 0,
            "ENDERECO": ".",
            "NUMERO": "1",
            "BAIRRO": "EX",
            "MUNICIPIO": "ESTRANGEIRO",
            "ESTADO": "EX",
            "CEP": "9999999 ",
            "BLOQUEADO": "N",
            "DDD": "1  ",
            "TEL": "9              ",
            "DDD2": "   ",
            "CRO": "9897           ",
            "TEL2": "               ",
            "FANTASIA": "ADAIR NATANAEL ALVAREZ CASTANEDA (MX)",
            "DESTAQUE": "N"
        },
        {
            "CODIGO": "002303",
            "LOJA": "01",
            "CHAVE": 14124,
            "EXCLUIDO": "N",
            "CLIENTEPAI": "      ",
            "QTDE COMPRAS": 49,
            "ENDERECO": "DR CAMARGO",
            "NUMERO": "4501",
            "BAIRRO": "ZONA II",
            "MUNICIPIO": "UMUARAMA",
            "ESTADO": "PR",
            "CEP": "87501378",
            "BLOQUEADO": "N",
            "DDD": "44 ",
            "TEL": "984330664      ",
            "DDD2": "44 ",
            "CRO": "PR 22445       ",
            "TEL2": "991151260      ",
            "FANTASIA": "ADALBERTO ALFERES",
            "DESTAQUE": "S"
        },
        {
            "CODIGO": "008617",
            "LOJA": "01",
            "CHAVE": 19922,
            "EXCLUIDO": "N",
            "CLIENTEPAI": "      ",
            "QTDE COMPRAS": 0,
            "ENDERECO": "AVENIDA FLORIANO PEIXOTO",
            "NUMERO": "386",
            "BAIRRO": "CENTRO",
            "MUNICIPIO": "UBERLANDIA",
            "ESTADO": "MG",
            "CEP": "38400100",
            "BLOQUEADO": "N",
            "DDD": "34 ",
            "TEL": "991179515      ",
            "DDD2": "   ",
            "CRO": "CROMG 33143    ",
            "TEL2": "               ",
            "FANTASIA": "ADALBERTO CALDEIRA BRANT FILHO",
            "DESTAQUE": "N"
        },
        {
            "CODIGO": "008618",
            "LOJA": "01",
            "CHAVE": 19923,
            "EXCLUIDO": "N",
            "CLIENTEPAI": "      ",
            "QTDE COMPRAS": 0,
            "ENDERECO": "RUA DOMINGOS GROSS",
            "NUMERO": "84",
            "BAIRRO": "VENDA NOVA",
            "MUNICIPIO": "BELO HORIZONTE",
            "ESTADO": "MG",
            "CEP": "31610100",
            "BLOQUEADO": "N",
            "DDD": "31 ",
            "TEL": "987270355      ",
            "DDD2": "   ",
            "CRO": " 14024         ",
            "TEL2": "               ",
            "FANTASIA": "ADALID FERNANDO MEDINA",
            "DESTAQUE": "N"
        },
        {
            "CODIGO": "002812",
            "LOJA": "01",
            "CHAVE": 14377,
            "EXCLUIDO": "N",
            "CLIENTEPAI": "      ",
            "QTDE COMPRAS": 123,
            "ENDERECO": "IPANEMA",
            "NUMERO": "85",
            "BAIRRO": "VELEIROS",
            "MUNICIPIO": "SAO PAULO",
            "ESTADO": "SP",
            "CEP": "04773010",
            "BLOQUEADO": "N",
            "DDD": "11 ",
            "TEL": "991543905      ",
            "DDD2": "11 ",
            "CRO": "SP 94360       ",
            "TEL2": "               ",
            "FANTASIA": "ADAM DE MELLO SILVA",
            "DESTAQUE": "S"
        },
        {
            "CODIGO": "009202",
            "LOJA": "01",
            "CHAVE": 20497,
            "EXCLUIDO": "N",
            "CLIENTEPAI": "      ",
            "QTDE COMPRAS": 0,
            "ENDERECO": "Avenida PRESIDENTE AFONSO PENA,",
            "NUMERO": "449",
            "BAIRRO": "BESSA",
            "MUNICIPIO": "JOAO PESSOA",
            "ESTADO": "PB",
            "CEP": "58035030",
            "BLOQUEADO": "N",
            "DDD": "83 ",
            "TEL": "996077825      ",
            "DDD2": "   ",
            "CRO": "PB 5673        ",
            "TEL2": "               ",
            "FANTASIA": "ADARLIENE RODRIGUES AGUILAR DE MATOS",
            "DESTAQUE": "N"
        },
        {
            "CODIGO": "009671",
            "LOJA": "01",
            "CHAVE": 20941,
            "EXCLUIDO": "N",
            "CLIENTEPAI": "      ",
            "QTDE COMPRAS": 0,
            "ENDERECO": "JOAO JOSE TAVEIRA",
            "NUMERO": "",
            "BAIRRO": "CENTRO",
            "MUNICIPIO": "CRISTALINA",
            "ESTADO": "GO",
            "CEP": "73850000",
            "BLOQUEADO": "N",
            "DDD": "61 ",
            "TEL": "998821807      ",
            "DDD2": "   ",
            "CRO": "GO 15895       ",
            "TEL2": "               ",
            "FANTASIA": "ADELAR ANTONIO LAZZARI NETO",
            "DESTAQUE": "N"
        }
    ]
}