{
    "items": [
        {
            "CODIGO": "003550",
            "LOJA": "01",
            "CHAVE": 15114,
            "EXCLUIDO": "N",
            "CLIENTEPAI": "      ",
            "QTDE COMPRAS": 1,
            "ENDERECO": "PROF LINEU PRESTES",
            "NUMERO": "2242",
            "BAIRRO": "BUTANTA",
            "MUNICIPIO": "SAO PAULO",
            "ESTADO": "SP",
            "CEP": "05508000",
            "BLOQUEADO": "N",
            "DDD": "   ",
            "TEL": "               ",
            "DDD2": "   ",
            "CRO": "               ",
            "TEL2": "               ",
            "FANTASIA": "3D CRIAR FABRICACAO",
            "DESTAQUE": "N"
        },
        {
            "CODIGO": "009051",
            "LOJA": "01",
            "CHAVE": 20356,
            "EXCLUIDO": "N",
            "CLIENTEPAI": "      ",
            "QTDE COMPRAS": 0,
            "ENDERECO": "AVENIDA LUIS PIRES DE MINAS,",
            "NUMERO": "64",
            "BAIRRO": "CIDADE CENTENARIO",
            "MUNICIPIO": "SAO PAULO",
            "ESTADO": "SP",
            "CEP": "03933070",
            "BLOQUEADO": "N",
            "DDD": "11 ",
            "TEL": "969072572      ",
            "DDD2": "   ",
            "CRO": "SP 148158      ",
            "TEL2": "               ",
            "FANTASIA": "ABDUL KARIM PEREIRA AWILLA",
            "DESTAQUE": "N"
        },
        {
            "CODIGO": "001262",
            "LOJA": "01",
            "CHAVE": 13100,
            "EXCLUIDO": "N",
            "CLIENTEPAI": "      ",
            "QTDE COMPRAS": 2,
            "ENDERECO": "SILVEIRA MARTINS",
            "NUMERO": "111110",
            "BAIRRO": "FLAMENGO",
            "MUNICIPIO": "NITEROI",
            "ESTADO": "RJ",
            "CEP": "22221000",
            "BLOQUEADO": "N",
            "DDD": "48 ",
            "TEL": "996771832      ",
            "DDD2": "48 ",
            "CRO": "               ",
            "TEL2": "               ",
            "FANTASIA": "ABIGAIL  FERREIRA  SODRE",
            "DESTAQUE": "N"
        }
    ]
}