[
    {
        "codigo": "010055",
        "nome": "RAQUEL ALCANTARA MORAIS",
        "nome_fantasia": "RAQUEL ALCANTARA MOR",
        "email": "raquel.a.morais97@gmail.com",
        "cpf_cnpj": "039.789.243-82",
        "cep": "65070-074",
        "endereco": "AVENIDA ANTARES,",
        "numero": "658",
        "bairro": "RECANTO DOS VIN",
        "uf": "MA",
        "cidade": "SAO LUIS",
        "ddd_1": "98",
        "telefone_1": "991510934",
        "cro": "CROMA 6926"
    },
    {
        "codigo": "010057",
        "nome": "PAULA ROBERTA PIRES MIRANDA",
        "nome_fantasia": "PAULA ROBERTA PIRES",
        "email": "paularmiranda@icloud.com",
        "cpf_cnpj": "431.508.018-77",
        "cep": "11660-660",
        "endereco": "AVENIDA SYNESIO MOREIRA MARCONDES,",
        "numero": "226",
        "bairro": "JARDIM PRIMAVER",
        "uf": "SP",
        "cidade": "CARAGUATATUBA",
        "ddd_1": "12",
        "telefone_1": "997160279",
        "cro": "CROSP 152829"
    },
    {
        "codigo": "010058",
        "nome": "JOSE RIBAS KENDRICK NETO",
        "nome_fantasia": "JOSE RIBAS KENDRICK",
        "email": "drjoseribas@gmail.com",
        "cpf_cnpj": "022.154.649-92",
        "cep": "85812-280",
        "endereco": "RUA MACHADO DE ASSIS,",
        "numero": "618",
        "bairro": "REGIAO DO LAGO",
        "uf": "PR",
        "cidade": "CASCAVEL",
        "ddd_1": "45",
        "telefone_1": "999404477",
        "cro": "PA 10871"
    },
    {
        "codigo": "010060",
        "nome": "LETICIA PAULA TORRES BRASSAROTO",
        "nome_fantasia": "LETICIA PAULA TORRES",
        "email": "leticiabrassaroto@hotmail.com",
        "cpf_cnpj": "000.000.000-00",
        "cep": "09751-040",
        "endereco": "RUA ITU,",
        "numero": "63",
        "bairro": "BAETA NEVES",
        "uf": "SP",
        "cidade": "SAO BERNARDO DO CAMPO",
        "ddd_1": "11",
        "telefone_1": "998166212",
        "cro": "SP 60886"
    },
    {
        "codigo": "010061",
        "nome": "LARISSA FERNANDA CASTELUCI BARBOSA",
        "nome_fantasia": "LARISSA FERNANDA CAS",
        "email": "Larissa.castelucib@gmail.com",
        "cpf_cnpj": "451.527.528-32",
        "cep": "13208-053",
        "endereco": "AVENIDA JUNDIAI,",
        "numero": "714",
        "bairro": "ANHANGABAU",
        "uf": "SP",
        "cidade": "JUNDIAI",
        "ddd_1": "11",
        "telefone_1": "933320280",
        "cro": "SP 157223"
    },
    {
        "codigo": "010062",
        "nome": "SIMONE REGINA MAIA",
        "nome_fantasia": "SIMONE REGINA MAIA",
        "email": "simaia77@hotmail.com",
        "cpf_cnpj": "250.650.778-78",
        "cep": "03374-001",
        "endereco": "AVENIDA SAPOPEMBA,",
        "numero": "5687",
        "bairro": "SAPOPEMBA",
        "uf": "SP",
        "cidade": "SAO PAULO",
        "ddd_1": "11",
        "telefone_1": "999633768",
        "cro": "SP 84056"
    },
    {
        "codigo": "010063",
        "nome": "MAYARA PAINI CRUZ",
        "nome_fantasia": "MAYARA PAINI CRUZ",
        "email": "mayarapaini@hotmail.com",
        "cpf_cnpj": "424.919.438-83",
        "cep": "18095-050",
        "endereco": "RUA DOUTOR ARLINDO LUZ,",
        "numero": "140",
        "bairro": "JARDIM SANTA RO",
        "uf": "SP",
        "cidade": "SOROCABA",
        "ddd_1": "15",
        "telefone_1": "991330755",
        "cro": "CROSP 134802"
    },
    {
        "codigo": "010064",
        "nome": "JOANA SCHAEFER MULLER",
        "nome_fantasia": "JOANA SCHAEFER MULLE",
        "email": "joanaschaeferodonto@gmail.com",
        "cpf_cnpj": "041.049.239-66",
        "cep": "88010-001",
        "endereco": "RUA FELIPE SCHMIDT,",
        "numero": "515",
        "bairro": "CENTRO",
        "uf": "SC",
        "cidade": "FLORIANOPOLIS",
        "ddd_1": "45",
        "telefone_1": "984590732",
        "cro": "SC 19031"
    }
]